data_num1,data_num2,distance,path_quality,path_smoothness
0,1,4.542319276377688,6.048328876032324,0.09923831711843166
0,2,1.3205697102952265,1.965848091462211,0.05922542878238216
0,3,3.346970572799686,4.515753947428148,0.09556126594306989
0,4,2.917930573257867,3.9677680281866223,0.09181978162643446
0,5,0.4818513272465328,0.7709621235944525,0.040551457630553546
0,6,0.12646642922945348,0.24327222844832366,0.004059775206175796
0,7,0.5005588521044716,0.8437092601509334,0.02629228563373095
0,8,0.4282878311143831,0.7307661118389164,0.02572070407049738
0,9,4.179270145896896,5.485292066489676,0.10729753552623271
0,10,1.2592070142263994,1.8127046028973437,0.07140843382893583
0,11,0.5665812312694066,0.9692458799074126,0.026501486490667515
0,12,2.6360646367711142,3.7513227523281243,0.07813969745893004
0,13,0.31546023339754636,0.6217766919140044,0.007941542418652088
0,14,0.41034808490639646,0.689681419812558,0.02561890744619623
0,15,1.7548564541700604,2.531596196179759,0.06907277288432333
0,16,0.8701205294125125,1.483667056562361,0.03049325189770781
0,17,4.330373671850749,5.735441724951258,0.10864747781240297
0,18,0.8233958616403019,1.2513756315324356,0.05438303497698776
0,19,0.0928632791696446,0.16595566664510675,0.015136898563259924
0,20,0.47327648271504635,0.8531431333152811,0.019367094454575604
0,21,0.44031167244688196,0.7942877228453556,0.017758276561497498
0,22,0.44622312277063325,0.7613682032273931,0.024908564339107025
0,23,0.9780915989029151,1.54106292617843,0.04516398627030582
0,24,0.26805713261964664,0.45717719551080843,0.020601872127268606
0,25,0.3556603425574182,0.7113206851148363,0.007404817777205818
0,26,3.310276377263328,4.605601916192457,0.08639331049218306
0,27,2.751865812762862,3.9202557667850826,0.07906252211229718
0,28,3.540491429413598,4.689760898647331,0.10252844998583176
0,29,0.5894320599098174,1.000579114044443,0.02916981546874976
0,30,1.3927294660141178,2.129115160688249,0.05448866708395738
0,31,4.717814076687749,5.975897830471149,0.12466283265293392
0,32,2.3888846641201145,3.364988075265968,0.07849983816270362
0,33,0.4539723300654107,0.7510159534415436,0.029002415932881727
0,34,0.8035972258266371,1.322995432763366,0.03517793290283514
0,35,0.2024884267302528,0.4020633509176244,0.004062009448928534
0,36,1.5030118646111403,2.2416348380771858,0.060273569217197266
0,37,0.9136890163310428,1.4565277848571327,0.041194484592194824
0,38,3.568211258470182,4.821907106040786,0.09524630773257947
0,39,1.5378339117333637,2.230704135701143,0.06902174862056112
0,40,0.2632494012116583,0.47144010413068194,0.015228476363495691
0,41,3.503138344337715,4.85489281416368,0.08981280504768772
0,42,0.9191163218543423,1.415230245582539,0.04891886532540547
0,43,0.5720053011710489,0.9486917190153981,0.03233199831126024
0,44,1.3292660808813517,2.08772966820777,0.049362860477765134
0,45,0.5140217506774704,0.8341311043927814,0.03460685097821358
0,46,0.8551005503455775,1.3824978957682987,0.03808363252401497
0,47,3.7358759790419995,4.7788870391806295,0.10589814450142505
0,48,4.08718041347448,5.4860015175513075,0.10186744447833881
0,49,0.5439308732170155,0.8933652523746131,0.03236530194533122
0,50,1.1128498612748756,1.7925545669637215,0.04322003584099648
0,51,1.4633554173984356,2.107549921796659,0.070404942685781
0,52,0.20199989549925493,0.38310325008479396,0.007724848546175195
0,53,5.095986590288721,6.555774415631848,0.12014538276420411
0,54,1.1457865139637273,1.778633716443693,0.04837872840961122
0,55,5.302706019832119,6.561429165953885,0.1272331495485409
0,56,4.427487566268509,5.795140793545171,0.1000942334910438
0,57,0.9318920500009861,1.424312280967416,0.05212367196009765
0,58,1.2667101449888334,1.9000652174832506,0.058263227438790116
0,59,0.49349814837439226,0.8769807859646843,0.01865437128502891
0,60,3.99147024564948,5.190979438642588,0.10991868544360178
0,61,1.8083883343129976,2.7176909430918506,0.06078904634135844
0,62,0.29413949107021337,0.5302251352186742,0.014408588519362539
0,63,1.6870025216129996,2.4073981930044974,0.07188118989318185
0,64,0.2818652835119931,0.5637305670239862,0.0058657470899241716
0,65,0.1959629841012151,0.38226582109884916,0.0044071455266221195
0,66,0.6538366179721286,1.0936903427897426,0.032250904988880946
0,67,0.3443658000228704,0.6716354255765201,0.00782941281051927
0,68,0.35408039444714573,0.5894009050424539,0.027668032974141617
0,69,4.821494033107935,6.3684974661906955,0.11426631026019243
0,70,1.7236446701767072,2.3914441758996188,0.08232449150721291
0,71,0.7409496210404705,1.2549834206372974,0.03069497788678853
0,72,1.5952522724442355,2.401942342032514,0.06070217341197487
0,73,0.7630233145039963,1.2456585435577288,0.03605451475879083
0,74,0.5190089693750884,0.9282275798439085,0.018513328613911004
0,75,0.38633287701900054,0.7201034578449398,0.012624104721225687
0,76,1.0429530309721313,1.5644295464581974,0.05697795679391308
0,77,1.5155506183484275,2.273325927522642,0.05964270034000761
0,78,1.7149882504398484,2.4341768715920438,0.07359129129884939
0,79,4.5639827697074145,5.988718131679571,0.10113028677607964
0,80,1.7451099305275248,2.4598624020733726,0.07636551041405192
0,81,1.021989417069831,1.5159509686535826,0.061280673475503776
0,82,3.7329643632186933,4.775162535690916,0.11147264072023888
0,83,0.5746045818518036,0.9106306531101683,0.04048964571137056
0,84,0.597136550235322,0.9398717299561876,0.04173127124113579
0,85,3.650989433764948,4.9395739397996365,0.0943424491475971
0,86,0.9820640234877136,1.6533482927071634,0.03432426303522653
0,87,5.617291834783954,7.101653925840851,0.12228084146690706
0,88,0.5135482761630059,0.9593367103322817,0.014335615909284654
0,89,0.5357089505671099,0.8295835748782101,0.04994638434639184
0,90,0.3355778931322367,0.5823900209843335,0.019035530252016486
0,91,0.16254222614276168,0.27385902344053176,0.02762305127667205
0,92,0.03258987141914804,0.06246392022003376,0.002374648939735976
0,93,0.854408789684791,1.381379480328704,0.039545080103117636
0,94,0.38601303896233924,0.6918155763221147,0.018471694036728877
0,95,3.8036619063589163,5.091999003674031,0.09870535671660392
0,96,2.98098988994644,4.141158928195867,0.08737663130410925
0,97,4.488211554859272,5.881919353473467,0.10107342700400727
0,98,4.394907736034548,5.915308250122178,0.10704433127618992
0,99,1.4815488850186693,2.209908113407736,0.060204866824253016
0,100,1.2867688283576177,2.076197557411371,0.04462021220785228
0,101,1.8066285145535894,2.649721821345264,0.06557676458613698
0,102,2.647741201514385,3.649589223709017,0.08550312790296967
0,103,1.015516164436905,1.5004536586904835,0.06282617458933834
0,104,0.8218945278660861,1.40970517121335,0.029855837926639126
0,105,1.1039522103663184,1.710168742070366,0.049478474288096486
0,106,0.8592187945712076,1.2864546592751225,0.05896213509570014
0,107,1.145949652906161,1.699825318477472,0.061562497675095716
0,108,1.4742472776816076,2.285519448240126,0.05185340584473926
0,109,0.41548788447909546,0.6726946701090116,0.036385822286639
0,110,0.18192087330663334,0.354873816238996,0.004215791390040834
0,111,0.0901194152945865,0.16806053122503967,0.006479272738098254
0,112,3.0746152693865807,4.36561394603509,0.0835698847279144
0,113,0.7208955324625368,1.2134328527785554,0.030968576672621463
0,114,4.714142565042092,5.971247249053316,0.12542752316488634
0,115,0.5664018052714547,0.8989982141808553,0.04045912440010947
0,116,0.38311669752458916,0.7551285632368714,0.008865528245279758
0,117,0.3193813952671429,0.51806633302054,0.03954958648490379
0,118,4.062432962541664,5.395082929089725,0.10294146609229989
0,119,0.8119887296603815,1.3467130150464863,0.034122088191426946
0,120,0.3863368358304242,0.6415951023612403,0.026982140223265182
0,121,4.855572329136446,6.413509974848673,0.11498139599190617
0,122,0.1872283881186254,0.332450407108072,0.013745483248195522
0,123,0.9480941389362634,1.4573561335648848,0.05039307503378899
0,124,0.351999608166576,0.6912456073416093,0.00718440462484042
0,125,5.117370471582818,6.617751342832231,0.11857775207935495
0,126,0.6036818119376873,0.9796273714677438,0.03521406676379885
0,127,1.502323500050526,2.25348525007579,0.05914252365660228
0,128,0.5279213992269688,0.8929040949888242,0.02814850494934609
0,129,3.7224682542196255,5.146363214850082,0.09154850381770127
0,130,0.658822072205803,1.14871540794858,0.025030115730790822
0,131,0.5379616964354711,0.9571526287228513,0.021685638764165464
0,132,3.493649139686093,4.926437831804548,0.0884610618432836
0,133,0.8847013149566106,1.4929334689892813,0.03303837968215468
0,134,1.434786641675461,2.211259412464534,0.05303141123256572
0,135,3.32857441869479,4.358030424476682,0.10500107682011955
0,136,1.6171682142987038,2.448854724509466,0.05991163897353211
0,137,2.1927852922352757,3.0936051960724704,0.07806999254911137
0,138,0.9645429249190143,1.4911611885242229,0.04899831187714398
0,139,1.447235101994699,2.187298506423806,0.05723581419174895
0,140,3.0620496766791576,4.224646077985148,0.08792602944653252
0,141,2.084849942166675,2.975137214767578,0.07433476857015087
0,142,0.5144129415161425,0.8328590481689927,0.036069547508820944
0,143,0.5086468718766136,0.9016921819630871,0.02108040521087566
0,144,0.41635968033606174,0.6905477625085903,0.030504780885601848
0,145,2.755333205846318,3.6455177800428205,0.09740496199888767
0,146,1.3470581465476454,1.8929711848853752,0.08274843843894536
0,147,0.1815740251989282,0.3467559509007309,0.00607911728156755
0,148,0.22117333729307956,0.38847111806604995,0.017002906320686774
0,149,0.21631866420189655,0.35374463910663095,0.027565787227311702
0,150,0.16647769082382616,0.32457161304501353,0.004412427673734986
0,151,0.8603788378996352,1.3378144936127274,0.04834863161893989
0,152,1.3375283033633485,2.052414120678242,0.05420645641158341
0,153,1.266050960916301,1.935043798218664,0.05401110436228009
0,154,1.8649955692978148,2.709910689090195,0.06764295155519508
0,155,1.2139685055574012,1.8243437318153117,0.05751989899331721
0,156,1.1784102142932307,1.8558196787971233,0.046901408692792856
0,157,2.3044100099646347,3.1368932072817013,0.08813318459748343
0,158,0.3799298732580278,0.6914723693296109,0.016499852498324554
0,159,2.4454605066877746,3.4023798353916876,0.084763552884844
0,160,3.562758579392102,4.814538620800136,0.09569297196769745
0,161,2.4454945516217346,3.328945462940583,0.0880494515031402
0,162,1.1305883441298288,1.6586103729816717,0.06479481189911845
0,163,0.5861184368683732,0.8987149365315055,0.06465873203569374
0,164,3.053986231017785,4.030002449178108,0.10003084718361516
0,165,2.7488872990258337,3.918303442810305,0.07813530472107136
0,166,3.5356160756045045,4.671409840824604,0.10447593430055485
0,167,1.8614168652666363,2.7921252978999536,0.06158898137761354
0,168,3.28209217407506,4.548551654288806,0.08888880553727933
0,169,1.593570033139904,2.363795549157525,0.06255929954918205
0,170,0.7551096749720307,1.2710231174995053,0.03170399036107656
0,171,0.21737770351991212,0.3961422623356293,0.011493935529821897
0,172,0.11761820382813204,0.20362651537745355,0.021709160722553054
0,173,1.3266941501304954,1.9749651553078964,0.05852182772775536
0,174,0.6940737958272633,1.1553789406148955,0.033081018491129946
0,175,1.3821186506289607,2.0014286470856533,0.0673353652436435
0,176,2.3292262668031065,3.204226610416974,0.08359630645333734
0,177,1.2244564780004092,1.941741633752128,0.04624397276893718
0,178,2.075073263041247,2.987193378663773,0.07196944126255304
0,179,0.3680832382989815,0.6554256372291544,0.018837350322293007
0,180,5.165781809004655,6.424449457899189,0.12768672929034525
0,181,2.717033290123145,3.851618620064678,0.07944049504532745
0,182,0.1720910665836737,0.31435301495951057,0.010945562256151573
0,183,3.768252008186324,4.920204694626702,0.10435559575469296
0,184,2.1249068110519245,3.0141341178508267,0.07513310773557169
0,185,2.4657225560509297,3.3518415996317326,0.08719865771979332
0,186,0.5939666451976697,1.0529408710322326,0.022579102985830768
0,187,0.7879751544278425,1.3430268355342472,0.030047445365576287
0,188,5.144518076026604,6.333703158927226,0.1323607412951952
0,189,2.0210633195504006,2.7735868959787404,0.08800427328613836
0,190,1.801444156445427,2.671804816301083,0.06357413761046744
0,191,1.7646873555169482,2.692933305528754,0.058918087319253264
0,192,3.5845468102062856,4.823884803096758,0.09811678683028062
0,193,4.303457221938384,5.669634117791837,0.11032423960926775
0,194,0.28515625288831603,0.558003602774259,0.007534056013976212
0,195,0.3869066734233754,0.6118524137858031,0.04636752643621805
0,196,0.44275654794804237,0.7769124331918479,0.019376878002960507
0,197,0.1994659330849658,0.37081921788278877,0.008304174742107564
0,198,0.8914004202641508,1.5042382091957545,0.032961955957233724
0,199,1.5680411144476356,2.3476321769978727,0.061871397711026274
0,200,0.5084748195119183,0.8866529665239076,0.022315194671805455
0,201,3.0854936616945854,4.286334438137885,0.08745476627153004
0,202,3.672883165319356,4.688001628096064,0.11857735547289731
0,203,0.5314543515304598,0.8719670198763231,0.0336988603005324
0,204,0.08711060236377641,0.15657134411789875,0.01394739632122138
0,205,0.4871006776499109,0.8656120322568478,0.018729507778557048
0,206,2.0510921155462416,2.86044197735638,0.08013855174496536
0,207,0.3032498921895058,0.5914448251922985,0.007142847886077565
0,208,4.645607775073576,6.024772583298545,0.11840235072664439
0,209,3.904593714101687,5.31868981596554,0.09507543838852793
0,210,0.39863992708777823,0.7526767854104903,0.011089274002755521
0,211,3.043700562300184,4.079853945210886,0.0973935803842435
0,212,1.9947505125068856,2.871563924597825,0.07168294399860624
0,213,0.5286389434733053,0.9608369986102643,0.017069114064564298
0,214,1.8865085122482037,2.808078762484395,0.0647374993633543
0,215,2.5376923904104003,3.514771813456117,0.08371769918423495
0,216,3.493670269690878,4.841771297669422,0.0901977173051328
0,217,1.8219914608557413,2.6184904601369396,0.07122700704304986
0,218,0.31483020095555825,0.5077319425815072,0.042515845734437625
0,219,2.958740472001368,3.9865134780650022,0.09278924632956556
0,220,2.0992990985471893,2.8243147666021473,0.09339151311801085
0,221,4.792643562819839,6.002907088784443,0.1314265814806958
0,222,1.6798687185905008,2.4958049533344586,0.0599250016856518
0,223,4.590728934410827,6.088239442427196,0.10032727381661845
0,224,2.422189876813344,3.448987759375523,0.07688070584708191
0,225,0.1678707663876289,0.2937738411783506,0.018889125657943037
0,226,1.8041104727091533,2.706165709063728,0.06211947945216662
0,227,0.7864537780038487,1.2371699782633643,0.0420734803520735
0,228,0.1584030823253352,0.2746990161844421,0.020792649774457654
0,229,5.644707793626603,7.211040322748118,0.12086480211616887
0,230,1.439617650525,2.226385436277035,0.052862340940691734
0,231,1.1340608822532967,1.7502558124949716,0.048824678990553955
0,232,0.34828596829452774,0.6965719365890557,0.007250953407099615
0,233,1.8492805809948534,2.773920871492279,0.0620433953038599
0,234,2.28312532892512,3.3916948527962756,0.06806166778605474
0,235,0.5371255743031964,0.8462850618381756,0.04298450504323494
0,236,0.18861299983980687,0.3253574247236668,0.02251165533018416
0,237,4.260145484253725,5.524876174891548,0.1139090050829404
0,238,1.9109816070528254,2.6978563864275187,0.07382031497656513
0,239,1.9904970615312405,2.7739905857509837,0.07922362229619559
0,240,1.293137356221775,1.893774926051561,0.06628465520012264
0,241,1.5400347960385534,2.1976712765090705,0.07273706709385765
0,242,2.7334034586221883,3.639817040755971,0.09982772441784331
0,243,3.5455293895395465,4.600097105402591,0.10140146172215962
0,244,2.838323652318117,3.8895546346581584,0.08706836611338406
0,245,1.7183516270104877,2.6222244481547325,0.05892569145931163
0,246,0.202533935283601,0.38148515207527595,0.007911790091546855
0,247,1.3133127831088143,1.8781784962738959,0.07354567223526726
0,248,0.3828313854086543,0.6621297546376096,0.02291760585423982
0,249,2.1139725254767847,2.8736814018200043,0.08782953173848951
0,250,0.21066626074704303,0.3900172665181743,0.009889082094174769
0,251,1.9904827104024492,2.9013815778747567,0.06987691783174445
0,252,0.9259764613870497,1.4871743167731406,0.03981562016703589
0,253,0.15003539131687973,0.29471237580101367,0.003321025941049799
0,254,1.7034350284365884,2.4440589538438013,0.06965852661527044
0,255,0.550951696139238,0.9238519295017715,0.030325623246400216
0,256,1.091391666437477,1.818986110729128,0.03710361095269253
0,257,0.8235026069818192,1.3658092018235053,0.033839105033571
0,258,0.23723137569014321,0.4351860335507925,0.011011233793925268
0,259,3.4515953604786325,4.732025897430382,0.09121259947780457
0,260,0.21176953661299236,0.34999037188734056,0.03525303825462381
0,261,2.0441155549892533,2.9106428011260017,0.07322029197627751
0,262,0.4082562965149319,0.7558258462506173,0.013686510866066978
0,263,0.29550044075927784,0.5910008815185558,0.006055622263347494
0,264,4.298831426209977,5.633731711190969,0.11109750563789386
0,265,3.043044643753171,4.182152264409439,0.09003939954733928
0,266,0.2688788217972535,0.5377576435945072,0.005494266250977606
0,267,1.538533111518251,2.343168244553658,0.05669155674489542
0,268,1.264969086443196,1.8226436299289064,0.07221397887811007
0,269,0.9990558017961166,1.547670259429822,0.048487745713684895
0,270,0.9025231411218197,1.4197586255074242,0.04568682856966842
0,271,2.90270191199404,3.9262862704340424,0.0934793366751485
0,272,0.2672191365263902,0.48488770469027104,0.01339067970783022
0,273,1.4253391903711772,2.075356513452538,0.06653614772731
0,274,1.2181011707350486,1.9316633950117927,0.04646470319621597
0,275,2.1100066200236496,3.1650099300354726,0.06545322746073784
0,276,0.243913918219617,0.4409834415493737,0.014903483662295335
0,277,0.3872387331967105,0.6485654856607479,0.028026101702853207
0,278,2.5874623381240234,3.4543955957428985,0.09962960798305837
0,279,1.9437144250687521,2.8399827432948985,0.06844103652052565
0,280,0.2706920410279566,0.5032328547969394,0.010522087170248478
0,281,5.581567582290354,6.984115333737671,0.125569106650348
0,282,4.392761331819781,5.880632105500675,0.10662398575809877
0,283,0.3945564415420301,0.764105784676467,0.009164808167692983
0,284,2.4781547824432892,3.57955690797364,0.07439967464257864
0,285,1.3990298900702036,2.1717498874926995,0.05199416674444576
0,286,1.408912156288003,2.020472927424004,0.0728612483636294
0,287,2.8325283842690205,3.913762337403968,0.0861615219991337
0,288,0.1929939603249979,0.3587874295974796,0.0084232429955135
0,289,0.24491993016999897,0.48983986033999793,0.005095748387303157
0,290,0.6143292918671069,0.9494179965218926,0.04682814980690211
0,291,0.7467376366990865,1.1654286815534871,0.046061169236103275
0,292,1.7631138551835501,2.680757908466217,0.05765332816618369
0,293,4.700190884378406,5.923199736946258,0.1284495711771234
0,294,0.26539986069499516,0.4462035157934606,0.025181624181714515
0,295,0.5726365029385471,0.9796045836433006,0.02631993521775108
0,296,3.010667668129614,4.279207415937036,0.08196008468349743
0,297,4.192121745748751,5.24541866679115,0.12752456999477904
0,298,1.4912709661812606,2.2797590632426177,0.055597326201068345
0,299,1.3029840243326563,1.9186797720942406,0.06494344665645775
0,300,0.4607729718630626,0.7726376052581843,0.029037818201310094
0,301,2.951712640432517,4.214389714395315,0.08160262352435872
0,302,0.9835677141838908,1.4483304802268282,0.06584415883667431
0,303,2.027372101268411,3.0124229527321607,0.06442167878671527
0,304,0.7299292632171295,1.1220055531737594,0.04882850792426433
0,305,0.5569896387727354,0.9479202548057736,0.02731404395747585
0,306,1.3341742582955753,2.0831843682158993,0.04972540680211802
0,307,1.3005255543327272,2.0983939925736643,0.044388174041744714
0,308,0.8280018271527647,1.4028565988702895,0.030783530359318047
0,309,2.847620332549962,3.9558833808937304,0.08531795601258108
0,310,0.2503802358702449,0.4916887240640316,0.0055592563678532455
0,311,1.500000265020424,2.1532261868841576,0.07254608832323703
0,312,1.9788830732066638,2.923855327266025,0.06702945820831373
0,313,4.750787324462047,6.17602352180066,0.11712292081562989
0,314,0.6098839188707285,1.0509949293747145,0.026211025811991324
0,315,2.0381947634866613,3.028504083598824,0.06402067271911821
0,316,0.5778208646423456,1.0377966845221074,0.020820218105020626
0,317,4.756902145727512,6.1195564062223715,0.12047353509293357
0,318,3.3306796709261657,4.666611626847101,0.08795996570723152
0,319,0.5594096115098444,0.9233628527331167,0.0320592414368998
0,320,0.22273535607506426,0.44547071215012857,0.004633557044045638
0,321,0.4987835948232933,0.808678727701671,0.03643544119571708
0,322,0.5466250137711511,0.9654675567906045,0.02176280045792063
0,323,3.495041673218011,4.534592529867472,0.11067425119045084
0,324,2.138067674808468,3.182805288635332,0.06601519440927936
0,325,4.0722712509858825,5.436915340412002,0.10261422894765625
0,326,0.16426430451934945,0.27509323286975385,0.026354660164287676
0,327,3.9347535865970396,5.3889016512089905,0.09441151515456123
0,328,0.11099356204025522,0.20764101742224617,0.007451703284635179
0,329,0.42845478106056234,0.7940695275655755,0.013108801922383237
0,330,3.286810301965271,4.566001338405807,0.08932471961275434
0,331,3.2619273189094993,4.520605795227838,0.09009332039316496
0,332,1.2690257475843538,1.8649770655107076,0.06426662381111468
0,333,4.549432681132577,5.692506219105585,0.13172906477459254
0,334,0.5305876091179202,0.7915793519813298,0.052129019155938316
0,335,3.992827257919092,5.316764717123842,0.09718456226991895
0,336,1.004714924462169,1.565486045092217,0.047809127157016656
0,337,3.703307691524282,4.79918445738351,0.11022620937321945
0,338,2.311489896361145,3.370384709219324,0.07295805870409092
0,339,2.838549676075622,3.741062906417615,0.10921127151070899
0,340,2.3794561582250897,3.3517070615858793,0.07929096079228543
0,341,1.0782758813783035,1.6828583119776994,0.048082802790077886
0,342,0.30560936615947204,0.5681462713166023,0.01209109733204296
0,343,2.5796560618020985,3.6852229454315695,0.07731817456973314
0,344,1.1889724581604506,1.7868557514068486,0.0561694850029898
0,345,0.19313409086325964,0.38626818172651917,0.004017044078442708
0,346,0.2744595595064801,0.5429955313977126,0.0057681614797184914
0,347,0.26214626688330256,0.5076776295275226,0.006556199250409622
0,348,1.509343382030995,2.1783496378501384,0.0708540883940474
0,349,1.8432665583881798,2.7648998375822695,0.06228144508989229
0,350,0.24985748869890811,0.42097201126240286,0.021989393775938223
0,351,5.25196187344138,6.772266626279675,0.12041260362381656
0,352,0.3183589862370788,0.57768451807258,0.01489095848616152
0,353,2.8695730314361585,3.953294761393432,0.08459551887557555
0,354,0.37212538607642187,0.5984472583100351,0.0361256486307173
0,355,2.3313279752951375,3.3472139086639685,0.07658463775531392
0,356,0.7430240754206916,1.2429600274012809,0.03183689197780566
0,357,0.5825170172835362,0.8785502555751695,0.06634237036878661
0,358,1.0871653221721886,1.6623516263446838,0.05161116275331201
0,359,2.6810484172019713,3.7332878497597317,0.08508013845975426
0,360,3.9297581510195356,5.1248907845770235,0.10100740695594274
0,361,4.496306987169622,5.892528630553874,0.10044348720661547
0,362,0.863810603259891,1.300514852685725,0.057742854173206445
0,363,3.0154561668383106,4.100382195118761,0.09211922201228527
0,364,0.14886107251716352,0.2823227237394481,0.006399395511675298
0,365,2.7583512123275233,3.826100068712372,0.084242289520102
0,366,0.8422374638448576,1.3617012888509676,0.03864643823045927
0,367,1.2065969884709868,1.830462476828145,0.054438640925187694
0,368,1.4660404627013404,2.161788478898586,0.06315358388651635
0,369,1.5568050036025132,2.1944325848652446,0.07933002417926473
0,370,1.7303661660796852,2.605380875063162,0.06106470415778811
0,371,1.5796701877225108,2.2627708094403527,0.07339682068622061
0,372,0.22334177987516654,0.43717965422373023,0.005081936959510356
0,373,1.1801787853820183,1.849636926797549,0.0474667888224704
0,374,0.26030998783905496,0.4349278678801602,0.02658743251326893
0,375,4.752866046765778,6.082683489902315,0.12036571465917772
0,376,0.16181145582134274,0.2687050842124116,0.026117318139327862
0,377,0.45956204995498373,0.8394666779177703,0.0168624164595973
0,378,2.273690811269581,3.278637026195362,0.07312902429471076
0,379,0.8927068772280595,1.4251043522014206,0.04134738455344569
0,380,3.039697227378132,4.171499386508287,0.08917609510930784
0,381,2.436733448745599,3.299743211842998,0.08960973005077433
0,382,0.6894177646359779,1.099880364390346,0.04240749365727226
0,383,1.4480776659406962,2.1233048921939424,0.06526405312039064
0,384,0.2581229526147714,0.4929431386740426,0.007615954900431769
0,385,3.294255274140533,4.26908591648824,0.11703512908881325
0,386,0.5476925501546674,0.9428631243168959,0.024776885680977745
0,387,2.829483941300262,4.011026686019052,0.08110223056210654
0,388,0.7727091301501119,1.2644331220638194,0.03613079719558399
0,389,0.47162030049995396,0.7112961909179633,0.04838362437859418
0,390,0.1264313522713258,0.2528627045426516,0.0026286269218542256
0,391,0.4586197418813887,0.7210668774088886,0.04769470732747827
0,392,0.8971018017770082,1.4217227384887088,0.04189063692121607
0,393,0.5205601034815273,0.9134990203030674,0.021985366143114186
0,394,1.223081677206813,1.7397846317487289,0.07954464742003307
0,395,1.6786907248174174,2.3448378378402013,0.0821619274477878
0,396,0.6573891114096538,1.0379828074889272,0.041387669492424624
0,397,0.25107509091550806,0.4467180189016184,0.01562497596292092
0,398,0.2731712648379702,0.5216812349336236,0.007891087963335042
0,399,2.3931795504946014,3.241555369982105,0.09470855776749844
0,400,2.8923510387810714,4.027521070130634,0.08380413616136403
0,401,0.35752916829504616,0.6534970228439257,0.015038191258643524
0,402,4.802792563507204,6.276665413684016,0.11750855695430176
0,403,2.7419440881137143,3.6702064096105453,0.09762370855317505
0,404,3.720382892932073,4.783349433769809,0.11225981678699384
0,405,0.9585878705032306,1.4680088531135191,0.0514972112915486
0,406,1.1515448643142359,1.8591206243145495,0.043358441407840016
0,407,0.22312783444568163,0.4070575358130678,0.010030541665466105
0,408,0.17832012019041482,0.31867531156609613,0.012904460460994603
0,409,0.0839605158078468,0.16375277905785715,0.0027426933718666894
0,410,3.8861804695852658,5.26514773298649,0.0959588170311757
0,411,0.477320268005811,0.8383702143178988,0.02272267505993967
0,412,0.2756853061196853,0.44696907619404597,0.041999228555122295
0,413,0.17444626929788515,0.3414692930937326,0.004234338351944668
0,414,4.484188040964872,5.732364093604576,0.10692522190791522
0,415,2.3142980099973824,3.270203709778911,0.07611690355358244
0,416,0.7545853841388053,1.1845235681248683,0.04392088534079334
0,417,4.405548919423006,5.568434928610803,0.10999871556482363
0,418,1.205133092772883,1.909337369875109,0.046023167484389865
0,419,2.2439541852940526,3.2719108511829487,0.06948879676200474
0,420,2.661198240104494,3.8929528540957166,0.07494404170919776
0,421,3.6424577052731535,4.947509396467276,0.09440767630595956
0,422,1.799084893174643,2.617769591754115,0.06863152660696105
0,423,3.2046936641089605,4.434603124388617,0.08744423308680471
0,424,0.4745225178877326,0.8357719186022649,0.021533016729225023
0,425,0.8915210465489642,1.4950974072560272,0.033748145647879646
0,426,2.7508054821641097,3.682067754771751,0.09526824092549589
0,427,1.8119151806817735,2.6723218307261916,0.06556805150895069
0,428,1.386592079228278,2.0011896494808123,0.06937700558241257
0,429,2.1187812524855953,2.8576383046344196,0.09850268795501857
0,430,2.530153517403641,3.5558914298645785,0.07943190179614339
0,431,2.2678804279105274,3.0551757059934572,0.08982215995650707
0,432,1.1699397255549193,1.745105624151751,0.05904015090339692
0,433,0.8695970801721472,1.2713131226429757,0.0706934122579877
0,434,0.766788375953434,1.2107184883475273,0.04285063801829988
0,435,5.059652262632893,6.318144449785234,0.1253245661239244
0,436,1.5443792023794725,2.365667564338498,0.05678868313644201
0,437,2.3406281270455076,3.343754467207868,0.07497606901779534
0,438,0.8212433413236256,1.2717539742783002,0.04715226057776296
0,439,0.5194939479946139,0.7965573869250748,0.061935408128901075
0,440,2.3253602869744245,3.3200977430690397,0.0766108899602859
0,441,5.363935717699274,6.809141196043122,0.1202160817641073
0,442,1.1669220428134726,1.79372588295328,0.05180090797944626
0,443,2.899035047397012,4.093692347148527,0.08336134343585389
0,444,4.512440308212254,5.828568731440826,0.10407543521222593
0,445,3.782370695575932,5.036418733681323,0.09988288140229039
0,446,2.441071120047251,3.3229240377606546,0.08903270511953391
0,447,0.5417772164852777,0.924817159350665,0.025055203861630886
0,448,3.2234023312595466,4.53797423171735,0.08604340222033321
0,449,1.0464531996865982,1.5755587500899346,0.05667040719170637
0,450,3.3156500540520835,4.330644968557823,0.10604034469871809
0,451,0.7266904771027839,1.1765464867378406,0.03643431789774012
0,452,3.138753085634141,4.432195291252604,0.0855499261687741
0,453,3.305430396405047,4.598859681954848,0.08660750145658512
0,454,0.27776657339816024,0.5269954851458245,0.007875779601490244
0,455,0.06885152034343406,0.12215592318996361,0.012863487775647504
0,456,2.455276046952875,3.526915868551091,0.07519366182477025
0,457,1.67674755245033,2.432205240916962,0.06931171671319476
0,458,3.205803630515565,4.4881250827217904,0.08645653199951386
0,459,3.397322071895704,4.583688509700553,0.09351433020268976
0,460,0.27495449676531736,0.46050661114681973,0.028284868208064893
0,461,0.42858975622786055,0.7100131503774797,0.030848089111696602
0,462,0.5180477902270674,0.9074301162147326,0.020680279513812235
0,463,0.28804580457329376,0.5388611990316721,0.010833540975848452
0,464,2.878144631589925,3.8525165120761,0.09722747343127681
0,465,1.1127286484322678,1.7750671296419516,0.0438516317249849
0,466,0.6151206445566407,0.9995710474045413,0.036378787749971865
0,467,3.5973104720144375,4.853514128908369,0.0986587665042406
0,468,3.0488797609618317,4.108650800868351,0.0968281517842116
0,469,0.46548880763232736,0.772030217536543,0.030846930293243632
0,470,0.596617990549329,0.9567069552595747,0.038206922427264964
0,471,0.48722271616126006,0.8987283885947569,0.015890568479152437
0,472,2.8183198799179157,3.9733690110318154,0.08125110054152981
0,473,0.5972188586046678,0.8909859728372344,0.054727292311930215
0,474,2.579997925569419,3.4267664754998957,0.10259614667181972
0,475,2.0139593463525003,2.9374876653981215,0.06677593481774836
0,476,4.158998865236819,5.673416930295879,0.09874750508358546
0,477,0.5877282231593804,0.9438223818971229,0.03833584051294024
0,478,4.095412097320111,5.212342669316504,0.12039700782002467
0,479,3.451584918588126,4.813043414253442,0.08912292113920768
0,480,3.120932176910682,4.227294377191188,0.0915427069482999
0,481,3.4846341748468643,4.882317113109619,0.09004255657188329
0,482,2.130810289419572,2.9270604502026765,0.08679019112108241
0,483,0.31841529887070785,0.5300449792177024,0.029573203513057873
0,484,0.37188164576914806,0.6425549955378318,0.02235516396641119
0,485,2.671754386893808,3.590169957388554,0.09509564718863543
0,486,4.337910314565412,5.830524616351359,0.10666196546528518
0,487,5.236623362547795,6.717134679707905,0.12106832079804561
0,488,0.5596612046468578,0.9884925172983464,0.021642640099865672
0,489,0.12488714766402052,0.2148679497076626,0.02337280097362158
0,490,2.429176096910714,3.5674186108917345,0.07287262970026015
0,491,0.525872328687357,0.8509570409668139,0.03489167694389428
0,492,1.296645335055044,1.908545380811357,0.06201060783302673
0,493,1.2882898479035487,1.8866758428314268,0.06722878448382173
0,494,1.4060338811834887,2.1410061372566758,0.05694789138716126
0,495,0.3579238625321734,0.5972717215260809,0.028886519133715018
0,496,4.033331654012182,5.328243395563461,0.10532999536210061
0,497,1.2965933205088807,2.0127349800922736,0.05098503840887014
0,498,3.9184164267547645,5.337518592120004,0.09452769362450708
0,499,0.6907518355288339,1.1348065869402266,0.035859818240081484
0,500,1.727737651312991,2.409739355778646,0.08099086586366011
0,501,3.6038763113231083,4.8242365437288175,0.0973631698180583
0,502,1.2562676668703154,1.800426388883661,0.07506941171677133
0,503,0.6559890315977971,1.111081422268769,0.028107011548746973
0,504,0.939847909137489,1.556803285074368,0.036414589721081955
0,505,3.7226355332883565,4.737899769639726,0.10962565077963715
0,506,3.8722730140299206,4.8740550873112936,0.11120447706455185
0,507,0.27553002418846484,0.5510600483769296,0.005634596338177442
0,508,1.746372207659427,2.5951676381978075,0.06348011778259258
0,509,5.039164136558819,6.229318480369191,0.12967210249392794
0,510,1.7961565642376305,2.634362960881859,0.0663651729018426
0,511,1.4692893528039275,2.285561215472776,0.05208832180979731
0,512,0.445552692157411,0.7610372071011676,0.025643382676835975
0,513,1.8019436681062746,2.595190608957406,0.06871140554390538
0,514,2.3379210321128654,3.24092756832577,0.08270792149486947
0,515,1.5074822090041071,2.365031968617222,0.05135454986631708
0,516,4.317966898631624,5.39745862328953,0.1130212309413231
0,517,0.5324427721545688,0.9151360146406656,0.02648449481777473
0,518,1.668036402031715,2.305558168253261,0.08718450084193499
0,519,0.9980147560780986,1.5608486592151658,0.04702464803295389
0,520,5.012744899629617,6.524525107454423,0.12223378199088412
0,521,3.4396847339495746,4.796449267896351,0.08970535067067131
0,522,2.5059371615073927,3.502922913935067,0.08131589260018521
0,523,0.7697508629294403,1.3037655240867392,0.03090223159244863
0,524,3.7046904313143383,5.093949343057215,0.09285887971913759
0,525,4.65118437712462,5.802235056312026,0.12804626656947754
0,526,2.0657815261595713,2.9320770048716494,0.07583351713626647
0,527,4.09720839367116,5.49946153375113,0.10111031921731438
0,528,3.4791603100364035,4.874647687138918,0.09028603709581372
0,529,2.352531132697116,3.4494978968199286,0.0718921711249287
0,530,1.2877461657568259,1.9990013154480961,0.05035821803303737
0,531,2.762987497007774,3.674488526948483,0.09543515884464066
0,532,0.36369643643776367,0.6347313604073074,0.02161129092023213
0,533,0.4977860671943668,0.8011704750110518,0.03793475164361843
0,534,0.11237598649195939,0.1995394119120048,0.011843998038603197
0,535,1.196284111556909,1.7265289610037549,0.06915141469447604
0,536,2.9799053427379256,4.0096108538410835,0.09666593292455321
0,537,1.03285154950784,1.6838610110158119,0.03985898331119673
0,538,0.9535716866242561,1.4657759068681422,0.049805912290401065
0,539,0.3425685788376461,0.6411587590407292,0.011997863265158346
0,540,3.9365169742963073,5.39131672566668,0.09392738458219259
0,541,0.3615708862256989,0.6188851365458281,0.02196908638808166
0,542,3.5696709679695644,4.778448438604761,0.09939807465433603
0,543,0.3866047962774471,0.6078410669795701,0.045867763390149
0,544,0.9447946648946444,1.438664603362299,0.05377491726476508
0,545,0.3114945098419152,0.561509840109768,0.01495010470167662
0,546,2.3290043264511358,3.3959225095181362,0.072323034750327
0,547,0.331921617849481,0.6383108035566941,0.008439278554630721
0,548,1.2054489574913798,1.74921125896847,0.06654455792991143
0,549,1.8813912052116515,2.7489215942814678,0.06678541470527781
0,550,3.4035526185316223,4.574086587867894,0.09587450208531537
0,551,3.046661669490349,4.302154115708901,0.08460431841951441
0,552,3.696046923068872,4.765461515022811,0.11152821483157276
0,553,2.420134213580396,3.2602844328026066,0.09416153203513737
0,554,0.566159136576417,0.9389956411511309,0.03267370613307737
0,555,4.546476327600817,5.934348048657907,0.10198510536801861
0,556,0.7925073279341736,1.3016332476979457,0.03512138683401955
0,557,0.7010782600780725,1.2146069219186986,0.02680146821407816
0,558,0.4120680390996659,0.7786665014710927,0.011460133904211058
0,559,0.3146821307235051,0.5309054352697171,0.027109565342254414
0,560,0.2243493833204045,0.4422887842602259,0.005044112503235869
0,561,0.4000155835640153,0.6758027250274049,0.02547802190924291
0,562,0.5504077407711868,0.9792968894240597,0.021422095471940558
0,563,1.911815723767031,2.7475821603864983,0.06878777674381911
0,564,3.5149345839865265,4.674115138279953,0.09943973357640455
0,565,3.653377100751053,5.008662154255477,0.09575705091623642
0,566,1.1520851100611782,1.877472031210809,0.0408066377383297
0,567,1.0608683977536826,1.7011558330843075,0.042298371848802356
0,568,0.11716374885669606,0.21918388391558774,0.0071912760806028785
0,569,4.808691063471733,6.351586591858384,0.11500855926810594
0,570,2.1090217423013145,3.042523169221568,0.07319064347097387
0,571,0.6067782516376276,0.9361721596694823,0.05187736184636743
0,572,1.4363461854467126,2.0943371754278886,0.0668576508149827
0,573,0.6360848804477729,0.9862889157504793,0.0472352361230385
0,574,3.7007379078363853,5.116320714112598,0.09252216496975767
0,575,2.009613752396633,2.8156085728765654,0.07631771627165693
0,576,0.16107604097949216,0.27243725449617806,0.027407038991215164
0,577,0.23359909295356937,0.3787346240785683,0.03177477061669513
0,578,0.6410732606048384,1.101844666664566,0.028040110037688568
0,579,1.2722144726148699,2.0340195460369475,0.04493873652239414
0,580,2.2761766273253192,3.0823225161697025,0.08765869854560829
0,581,0.1425590023876752,0.28306679610790164,0.0028121559812027195
0,582,3.308905786565317,4.4652438302574975,0.09541702499275624
0,583,0.7575666205977097,1.2766400458220666,0.03170168305377844
0,584,1.1388199520040585,1.7722464341838307,0.04854169354392371
0,585,3.193973275220015,4.471562585308021,0.08710410849262867
0,586,1.3409168057094174,2.085009368415221,0.050911346645087244
0,587,2.9925511979343202,4.229695268588732,0.08218539663124283
0,588,0.8167806205971851,1.312683140245476,0.039787828776449596
0,589,1.7753895421659227,2.5895184482420093,0.06772899798777053
0,590,0.2615795436299746,0.4435479218073482,0.02449232315518058
0,591,0.7492030034710757,1.2202587840966022,0.03557389899417245
0,592,1.9721847452685648,2.8585599116814033,0.07093222423490021
0,593,3.0570710585869305,4.224017537940006,0.08920377281840675
0,594,1.5411682292523938,2.2816177695636006,0.06306155322491472
0,595,1.91875187511872,2.7350164849758545,0.0757771218792575
0,596,0.49751123638746697,0.8738338382702947,0.022231985841102062
0,597,0.76340101404999,1.2864720792323905,0.03157495575433881
0,598,0.39532962937142857,0.776335721446791,0.008546177772527622
0,599,4.277217499024566,5.657695104529847,0.10919800352524565
0,600,5.287364029281048,6.890447804116261,0.1192115265424802
0,601,1.9348894610615486,2.7611395552445885,0.07157538527363175
0,602,3.0176571930678064,4.0976608200604945,0.09030978263482442
0,603,3.261672869557423,4.331639630999541,0.1002049479919232
0,604,4.101956623660928,5.220672066477545,0.11831118180708765
0,605,1.9846893519486475,2.9160519528630964,0.06550422081034625
0,606,4.415869744389563,5.779934220405189,0.10091510318122673
0,607,1.0806257103516723,1.7136549726286878,0.04457360524014845
0,608,2.294077378503491,3.326412198830062,0.07326266744840335
0,609,4.019141528088926,5.281699076179688,0.10654682367187808
0,610,0.2820459383975482,0.5400879671442413,0.007842836105288563
0,611,0.4226283581052911,0.7174246819688581,0.026741799415946475
0,612,0.21286490932132732,0.3455924410158019,0.03339117768834111
0,613,0.8097210570715713,1.4130426290072513,0.027302351344088382
0,614,1.0375617162555606,1.5476479231298024,0.05771501251462217
0,615,1.1245491337111189,1.8213556521456156,0.04114475984418773
0,616,0.578726768081009,0.9900231504278894,0.026148792408946908
0,617,0.3462487264046961,0.6492163620088048,0.010366702752965456
0,618,2.268019521980867,3.170349869435621,0.08000339725965858
0,619,3.744114518799713,4.81386152417106,0.10842423806017311
0,620,1.8979228024042825,2.8796070105444294,0.06102552353861183
0,621,0.2836769272275769,0.5360515728300418,0.009333771890652725
0,622,0.6514373668030453,1.0699365236583351,0.03445551026374515
0,623,0.6641181287067691,1.1729878636898778,0.02375707938098319
0,624,2.226608616857869,3.14837670018075,0.07637459125362157
0,625,0.197698661497859,0.3660096841244147,0.010208811723192207
0,626,4.54676681297947,5.6891705348336075,0.13281090468838558
0,627,1.114108302048813,1.6836805238827564,0.05538711532750331
0,628,0.3740087596481604,0.6761880224102504,0.016084186127032215
0,629,0.41302487861676473,0.7050360985305283,0.023222481693584866
0,630,4.516969346094126,5.950927868663691,0.09959116723644904
0,631,4.023864862297285,5.287906180296431,0.10591842663192023
0,632,0.31823411406576585,0.5058634761161017,0.04276401940470544
0,633,0.6087495617972539,1.0397896241878561,0.028735745191011075
0,634,2.145855518453547,3.060482460745222,0.07346422843446351
0,635,0.364483367589145,0.6126898326345135,0.02676241249474092
0,636,2.005414761776268,2.886915755963639,0.07071206635027262
0,637,0.6994464721949426,1.1215975974250263,0.03918891649210378
0,638,4.0386639406262494,5.3352876268273075,0.10058329772819126
0,639,0.2510667567334342,0.429951820906006,0.02256778382930841
0,640,0.7924384727260259,1.3018632051927568,0.03740650410992218
0,641,0.20053683028545638,0.4010736605709128,0.004171201740091174
0,642,3.3311535276346644,4.395748984919968,0.10335772182063904
0,643,0.517324829757043,0.8205842127180683,0.04011862534834062
0,644,0.19594734906480962,0.3820268460184417,0.004802649270103333
0,645,0.36111369044723324,0.6818230518933774,0.01061672158024728
0,646,1.7565859782071231,2.6103456435927086,0.06282543678297978
0,647,1.5304920462664413,2.2658122472659605,0.06390639359309094
0,648,0.3724438680386391,0.6207397800643983,0.030384969596382125
0,649,0.3512437999391682,0.5783954789417439,0.03294138239644808
0,650,0.8848012574543892,1.3837880131118059,0.046234134056583914
0,651,3.3203443882538233,4.652130873652335,0.08843654330890079
0,652,3.3711349346484583,4.506675123161623,0.09976941534704643
0,653,0.8112876855553172,1.3438507674842677,0.034019512675041115
0,654,1.4309207925844216,2.150423338008227,0.057988807431024865
0,655,0.26660051893878073,0.43753849872893996,0.03516614801329197
0,656,4.529573322123132,5.999275304301383,0.09940523975195278
0,657,2.489652596767899,3.596164861998077,0.07385232472501606
0,658,0.8034447200194267,1.2141945487934034,0.05801981444858035
0,659,0.5770827954113489,1.0190259488592812,0.021257220195380754
0,660,0.8838933278061705,1.4694726574777583,0.03532810799593098
0,661,0.36029995499457457,0.599753962351217,0.02681518790560451
0,662,1.4201241753871565,2.1341979132936926,0.05878456611871592
0,663,2.4173919457136632,3.442155922700976,0.0771923016071836
0,664,0.9099570720876164,1.3727352401778903,0.05402026488895381
0,665,0.9924618615569175,1.4695015408688057,0.0626069501987141
0,666,4.55511657671242,5.699618229152728,0.12967542277543834
0,667,1.5925327121640547,2.348763329672125,0.06390016471780831
0,668,1.3775112940910978,2.035655579045733,0.061944931796973836
0,669,0.25136703433546265,0.4648568443190063,0.00977694795324334
0,670,1.4810344015755361,2.31738324011231,0.05205866952157231
0,671,0.49133277310465906,0.7808681572556191,0.0424341720376415
0,672,3.1465917971978694,4.284720745120502,0.08967291222290298
0,673,3.8324254447464186,5.137080915298391,0.09800337329115218
0,674,3.2076372356857537,4.374050775935118,0.09264306650901198
0,675,3.499343449018161,4.5401738082133045,0.10939375868768665
0,676,0.5076173471813852,0.8850764002136975,0.022090495924898458
0,677,0.6481280511697827,1.0580885654639223,0.034906605295864375
0,678,1.8163183217670376,2.540913396940058,0.08262570660927138
0,679,4.192869484304085,5.4031823251341295,0.11853248978949614
0,680,1.8476031557394033,2.6265925943754764,0.07672285223559333
0,681,0.2674576142160183,0.5291427619381659,0.005628465868984721
0,682,1.302528709347176,1.928036846604294,0.06136789797922924
0,683,3.1260159293119183,4.2341803063695815,0.09102542942511113
0,684,0.40875405552164085,0.7516685316303997,0.014120069165770025
0,685,1.6226939295350375,2.4572222361530565,0.059661876958717996
0,686,2.6857718041083682,3.7864979533331087,0.08116501543010465
0,687,0.2530347574595919,0.43377386993072914,0.024641121287475348
0,688,2.067553352249409,2.914911283499167,0.07773353887079944
0,689,3.0512850355448884,4.222318751889144,0.08578985633756554
0,690,1.6165016218814254,2.282119936773778,0.0794895631573952
0,691,2.878635576000625,3.986987241626534,0.08433984220117006
0,692,2.4737300635175745,3.47953239703571,0.08217944449792691
0,693,1.472125020393285,2.170760623291793,0.062452521453883005
0,694,0.2509581154540012,0.44362918473804075,0.016842269713597365
0,695,1.47915222694249,2.088214908624692,0.08346197056697745
0,696,0.23567852491538907,0.47135704983077836,0.004792756873929846
0,697,3.553397891221587,4.634070445768359,0.10048158471920692
0,698,3.5737138088014326,4.829342984866801,0.09483828115519015
0,699,0.839494053888804,1.290422288549076,0.05160287317185728
0,700,1.0496905974678161,1.6832316681288646,0.04269566523205744
0,701,0.2965157568826075,0.5845596349971406,0.006400316331690818
0,702,0.49100199620308704,0.9108933584733128,0.014013153209036353
0,703,0.37240023926571436,0.7065401799767324,0.010550092527447189
0,704,0.8347839554041571,1.3827709690743708,0.03438722488036314
0,705,2.6019354472794327,3.4692472630392435,0.09813162764263156
0,706,5.630869787533581,7.155897021657254,0.12150986531473833
0,707,2.6988869637694513,3.883398464534933,0.07654852689040231
0,708,1.886456871381339,2.6964030281157183,0.0709777859843261
0,709,0.3783424962842077,0.7175461136424628,0.011096639162543024
0,710,3.1127335332898607,4.378350464407715,0.08379132764051589
0,711,5.566391217037274,6.929589066107626,0.12786628337640496
0,712,1.2102062275156797,1.7657107253917292,0.06562335546983805
0,713,1.5208462128307343,2.385998250069775,0.050982926469151375
0,714,4.374515639042763,5.637262421446862,0.10343759044004255
0,715,1.127307127837494,1.7799586229013062,0.046206434458758334
0,716,0.4020496391907746,0.7569624241315963,0.01313124415394752
0,717,3.3987813532330655,4.687330327810435,0.09078183771882313
0,718,0.792844901928428,1.3347895184364673,0.03128281075896354
0,719,1.3637826395802215,2.072949612161936,0.05585150281570205
0,720,0.461401093013994,0.7977773737274221,0.0216311962850547
0,721,1.618376893221118,2.363921304705004,0.0636995451687063
0,722,0.8952051148976139,1.4668421159768128,0.03772606106032413
0,723,0.23365717162015714,0.4433084694437227,0.007073731975578179
0,724,1.357204554040662,2.122604796726384,0.05049102334364701
0,725,3.6849163934947753,5.039372148941504,0.09331340726432968
0,726,3.794674618741457,4.980510437098163,0.09875530505439535
0,727,0.1461644163122553,0.2840942176210034,0.004566364824228086
0,728,1.425502619616097,2.1422807729823834,0.05837420449458818
0,729,0.8473025429811393,1.412170904968566,0.034278716105433094
0,730,1.1676464953935577,1.829995676991073,0.04808748631525165
0,731,0.5364114296163324,0.8368018302014785,0.046018723417741304
0,732,0.371875688078028,0.7052814773893638,0.011051492324088561
0,733,0.4311996740105483,0.8118449034819287,0.013235045116993756
0,734,0.23148381068188853,0.4563537982014376,0.005175178850149307
0,735,3.8909611909167965,5.271624839306627,0.09507564044088984
0,736,0.6814670447711633,1.1614941454904735,0.027730769154400585
0,737,1.513553264395777,2.3271975047935065,0.05506120449416019
0,738,0.2706036773589122,0.45210614388013387,0.02665291796606242
0,739,0.7275399028046879,1.291262873852029,0.02388105814195056
0,740,4.780899396210746,5.928315251301324,0.13380897749657386
0,741,4.009560358462052,5.26910811504699,0.10307114050271601
0,742,0.5854998350185048,0.9333556193530278,0.03921340835282666
0,743,0.3378760819092363,0.6544872355864224,0.007938562399074449
0,744,0.5146638750621529,0.8974451321396293,0.022165485578235215
0,745,3.5993113284849376,4.818125746596239,0.09785381157750768
0,746,0.2530214810522905,0.41362194207949293,0.03653853191510348
0,747,2.9543921359624425,4.082143972808322,0.08920997772056624
0,748,0.388393547101727,0.6214296753627632,0.039835352067445304
0,749,0.5906636729504886,0.8925584391251832,0.057201314052944846
0,750,1.23444618327779,1.7845798084341964,0.07322842525825214
0,751,3.3194726380614803,4.357871770993534,0.10557505291524527
0,752,0.4112958148233027,0.717197077098134,0.020192944039957594
0,753,0.19100559231984274,0.3606399295549477,0.0067115834872874276
0,754,0.4207524323355359,0.6812182237813437,0.03539382007626784
0,755,0.4830140705615471,0.7739523703734732,0.0382473744554188
0,756,0.077092097225721,0.14609761082636635,0.005284181511888157
0,757,0.7923047552928683,1.2136460124428323,0.05164466692707613
0,758,0.7805889098307837,1.227943957570063,0.04258250291654383
0,759,4.042743807204695,5.4695945626887035,0.09626895773315894
0,760,3.530972051595801,4.6527912971548835,0.10361137233913444
0,761,0.5485058153305046,0.8743827997327459,0.04098460534375339
0,762,2.1830635470924027,3.063331106403855,0.077829158155118
0,763,4.492241938356328,5.887201277109082,0.10074871261515977
0,764,0.47187148745816115,0.8763327624222995,0.016151599009642418
0,765,0.6158423474276892,1.0612629131772755,0.026090988862638113
0,766,0.5973691029521891,0.9813920977071684,0.034524890156219075
0,767,0.676674619459397,1.1930841974678845,0.023730759243828715
0,768,1.1938125692666028,1.845606788119059,0.05044115759632106
0,769,0.46524978013075674,0.7254742334242307,0.05463546366471364
0,770,3.4377840835654547,4.687887386680165,0.09146829069649678
0,771,1.5150248929057573,2.1274817645059567,0.0799020573404672
0,772,4.0136374888635515,5.2744660193966055,0.10261156118314294
0,773,1.205406183110044,1.9043991176945672,0.046441379478226956
0,774,2.553597773303126,3.55581625422317,0.08228163791311081
0,775,0.3099579156087676,0.6086854719563479,0.006895664523775297
0,776,0.7912263121355637,1.302628684613428,0.03562156440132758
0,777,0.2083501317500198,0.34598749151215413,0.03283409114340347
0,778,0.6944111730937507,1.061122691469102,0.05298575113047095
0,779,0.34475374229831046,0.6820667563455783,0.007180835851583758
0,780,2.7342557960025298,3.848762234590519,0.0813495115039367
0,781,4.900970016920962,6.397055601033678,0.120000286572472
0,782,0.7812261742448531,1.3315238567317937,0.03015725551084248
0,783,1.3434269416676041,2.0113878232788704,0.06084031030213786
0,784,1.290566126384112,1.9178245230065571,0.06145791723130682
0,785,0.4850524061434705,0.8860290618887401,0.016827079320149083
0,786,4.33972605792566,5.507266570971648,0.10798879031049242
0,787,0.32327020348229435,0.5570819858751488,0.02325513862242428
0,788,3.8438230707463927,5.152358584191972,0.09808113931267308
0,789,2.3858305746618687,3.4641720773338998,0.07401842117810348
0,790,0.6335699953253746,0.9888086632245734,0.044546575739615596
0,791,0.46851950907598927,0.869184468561663,0.013826836445457581
0,792,1.6149312054225633,2.4087109504607724,0.0628618416720825
0,793,1.4540706242307604,2.1407150856730635,0.06343828613699136
0,794,1.7501469906463019,2.6455710323723154,0.057729472576188226
0,795,0.5611904341259687,0.9960201082500638,0.020560536962088323
0,796,0.11972863313809551,0.20858384515253117,0.020709294080712395
0,797,2.4838856804749816,3.587834871797195,0.07412009633467914
0,798,0.2442422060680362,0.4486081335943522,0.009779390870969093
0,799,1.0876391199514672,1.6594265430116668,0.05190377337762126
0,800,4.74279459098491,6.133352167399335,0.11722063878031116
0,801,0.9461777195319058,1.528884729731433,0.0392071756015071
0,802,0.16750718988189084,0.3326042043697976,0.0034043111605040087
0,803,0.515497304319895,0.9138361303852686,0.020987353533305643
0,804,0.5601131429682655,0.9093601615249487,0.03668267812927821
0,805,4.561099584466261,5.735928265313631,0.1284350945006968
0,806,0.24666257246679363,0.4659181924372768,0.010392753758161689
0,807,0.6091308566693695,0.9644571897265021,0.03971174262024597
0,808,0.3562555507369454,0.6222905399236255,0.018357076042106436
0,809,2.1924841100397616,3.1958242959901595,0.06967631886718427
0,810,0.15311909563452789,0.26844297146053303,0.014444588217814181
0,811,1.340903111228454,2.026592202197549,0.057170907780219105
0,812,1.790944051791864,2.6122056888013927,0.06640547840840694
0,813,1.5432054403016482,2.238495803514479,0.06823590980117397
0,814,3.0903016000788632,4.29301357416361,0.08712265423270774
0,815,0.33927791948398667,0.6160572748525021,0.01519884655417871
0,816,0.30880270261697645,0.6087824708734678,0.00659591979420187
0,817,2.941052911986583,4.17597015679863,0.08166637648952632
0,818,1.2046437691417453,1.8731166121336964,0.05013548841106069
0,819,1.2827602587015128,2.00290636884973,0.04962328741566836
0,820,0.05984347936662388,0.11508361416658441,0.003080286472283889
0,821,5.279257942615826,6.467090979704388,0.13359582108023726
0,822,1.125707010221022,1.6514492952143571,0.06641460070144826
0,823,4.264380496154127,5.530368455949883,0.1133082474062398
0,824,0.31738616138079917,0.606317011741251,0.008125327765810387
0,825,1.9378716958055218,2.83144586664918,0.06882784493610139
0,826,0.9825786067342941,1.6315657111822537,0.03654481779412779
0,827,3.4798875834901803,4.554826679960971,0.10419929678731378
0,828,3.7833191925041794,4.991604379639023,0.10157359260665001
0,829,0.12053862771638028,0.22927627090108707,0.008347085743510603
0,830,0.523638527032712,0.8122347606814226,0.051155696076994356
0,831,0.15872953006385293,0.29694299841877253,0.008736615344761561
0,832,2.2884544508123676,3.374500630858916,0.06857280052643794
0,833,0.8559049863307421,1.4501320150571808,0.030428892820841658
0,834,1.9671405835553584,2.9065054689610075,0.0677055188850407
0,835,1.5523956208239715,2.2055894066351507,0.07304313386253918
0,836,2.991944355276429,4.074136994418965,0.08941265410788896
0,837,0.41803118347961377,0.7322202258400875,0.02179242812526176
0,838,1.445537683701714,2.2486141746471113,0.05292582035357266
0,839,0.3586949380397295,0.6237179495850075,0.02117950547255431
0,840,2.0731616824005767,2.9228181096139263,0.07687244919804617
0,841,2.4282228196749447,3.288218401643155,0.0919402549192927
0,842,1.0796730523122176,1.558230837661417,0.07403894959525464
0,843,1.7939361987983167,2.470184399392446,0.09132058096600286
0,844,0.3651231096899566,0.7121195401754475,0.00819688587504351
0,845,0.5275722837233983,0.8183365537300439,0.04909781007145405
0,846,2.9282311912772943,4.002954341267365,0.09104966953055765
0,847,2.0142773329903316,2.773586065845326,0.08358751315231261
0,848,0.29007058012164655,0.5108985056336097,0.01804729941360568
0,849,0.627954558704717,1.0620959820067435,0.029951614378285554
0,850,2.5441311709108274,3.638533965101518,0.07793192474093481
0,851,0.2029149865860374,0.3971952928918178,0.004631286903104557
0,852,0.5650363176426921,0.9383027335399854,0.03194916555480371
0,853,3.0163964842921174,4.129398395608462,0.08760764660888856
0,854,1.6189701695993202,2.290670559113932,0.0761573617775834
0,855,0.47083868564275516,0.7818775749461511,0.030633107317807322
0,856,0.233280481860533,0.45341840136272626,0.005364953358108046
0,857,1.0947810421274473,1.5973034876941439,0.06656785767808657
0,858,0.3518478205776761,0.636122218660302,0.016943646761429884
0,859,1.6281016507576747,2.315909300008243,0.07430854679648924
0,860,5.124643247311717,6.62715645071201,0.11789880232339985
0,861,0.44201401693013176,0.783570302739779,0.018945713233955275
0,862,0.12501543625452957,0.2146491452672112,0.02821301092729989
0,863,2.2746246280648426,3.2689960501696915,0.07346376117030927
0,864,2.176613977658828,3.0379478511708773,0.07925080048627034
0,865,0.794229571883688,1.2707673150139007,0.04140221091878411
0,866,2.0027754794610124,2.9192998514177466,0.06902322785080998
0,867,1.3597492079423805,2.098572476997778,0.053348727821598205
0,868,2.1447667775166734,2.9775751538928286,0.08203783475563456
0,869,4.463471718383524,5.904063119554927,0.09943772223570183
0,870,0.15487487799637045,0.2841082199006265,0.009437946357163787
0,871,0.5348735188554264,0.8871072995650978,0.031005317737787273
0,872,4.67640953573352,6.128557759987613,0.11708930879708718
0,873,2.934871428066903,3.863249124700311,0.10014260057680253
0,874,0.61825089352007,1.0829235396052181,0.024961608206581467
0,875,0.7366918107834282,1.1497502249221134,0.04618015622537916
0,876,0.4342122604228682,0.7832848619392918,0.017821597533023894
0,877,0.20836684839399716,0.34479752293768573,0.03254703773473388
0,878,3.277723207810926,4.528897120469934,0.08937863385777405
0,879,0.34615316320650774,0.6408511264769133,0.012527060501873624
0,880,0.07283137145472297,0.14358184658216816,0.0017531348169651975
0,881,0.11971543512802735,0.23028594118377488,0.0041229292035457445
0,882,1.2431937197339382,1.918686261092263,0.05074795343663373
0,883,1.3993053911710869,1.9957306398669596,0.07648072610032958
0,884,1.2117825324355374,1.921643305874106,0.04669561828258243
0,885,3.2024160458276634,4.33168907251426,0.09347384464530165
0,886,2.874109393375318,3.980718357669557,0.08468996926954403
0,887,1.9848113816172415,2.932614569468172,0.06670974243089749
0,888,5.031275322178943,6.157680245054826,0.13132140948022253
0,889,0.344167624242719,0.6758654070273686,0.007047003325006033
0,890,0.8535800441643917,1.4226334069406528,0.034137119361822996
0,891,1.497096775500973,2.2456451632514582,0.05945561198407109
0,892,0.5985732809485285,0.9130778861926705,0.05641394330428002
0,893,4.1485488262279455,5.62857165072008,0.0988206473432669
0,894,0.43907227802976356,0.7733337542072611,0.02052334036058155
0,895,3.648994670915301,4.975901823975411,0.09553228768587263
0,896,3.185306927438117,4.285988902364379,0.09499851154307325
0,897,1.967446497407656,2.72735969481908,0.08585626350393821
0,898,0.25430723973020153,0.46145817010645845,0.013766150829522485
0,899,1.404711975748199,2.1805703344463323,0.05179614789917594
0,900,2.402934318779899,3.2720807745088005,0.09184808619637054
0,901,0.059077587345877355,0.10712735838719102,0.012785389614806
0,902,4.681799710900521,5.960848085527984,0.12296860161398383
0,903,1.5795018020811877,2.4335347532064806,0.05581753917838611
0,904,1.352717991983042,1.910982560103028,0.07929587228566774
0,905,1.16435819050639,1.7115429139137643,0.06422324153124723
0,906,0.4495073332752084,0.7192117332403334,0.04098189796555893
0,907,1.172278727762819,1.8019598729611335,0.05144319319533408
0,908,0.3124696887149514,0.5433390128610301,0.02078932526250992
0,909,0.9929927594390084,1.6549879323983474,0.035900218764454365
0,910,0.2716601235187524,0.5334774889389992,0.006175512637406797
0,911,3.759849941525059,4.93480304825164,0.10476786571079891
0,912,0.29014578006862873,0.542789724618183,0.010958929914158297
0,913,4.568419361081808,5.994539690731682,0.10079255293760521
0,914,5.153198203815901,6.376432120883311,0.1302434313397735
0,915,4.577262377584415,6.038090795962416,0.1006458465760525
0,916,3.7220840493893443,4.873244064664399,0.10727716416764704
0,917,3.253715302022767,4.576654490757297,0.08651844423186483
0,918,0.34592516492259434,0.6318899679252723,0.0144700723602284
0,919,3.51203211724286,4.510376272398188,0.1126946226407921
0,920,0.6942959936696376,1.2028567533639583,0.026864160260369356
0,921,0.8954851494911539,1.4653393355309796,0.03840469935550785
0,922,1.6714118120025983,2.5966576365040375,0.05437335624696113
0,923,1.5482284236823174,2.2588906509463316,0.06577662799249333
0,924,2.5360509755529925,3.608995619056182,0.07616980999262057
0,925,1.41554798303435,2.065307712951756,0.06518905172147689
0,926,4.112219269907464,5.260300791962847,0.11610130635448766
0,927,4.781657239603597,6.216154411484678,0.11878706084366854
0,928,0.7571253884482909,1.2744160265185516,0.031018008125042212
0,929,1.3235047266673445,2.0988122292712914,0.04850282276995924
0,930,0.3328917066662242,0.616299510990172,0.012601472568351707
0,931,0.6938616240132,1.0466069189025922,0.05919234833595594
0,932,0.42936781784424394,0.7920095558883691,0.016174525204911007
0,933,2.339636206782715,3.235667094486735,0.08237969800888456
0,934,0.4096295085294111,0.7214764892163175,0.019570996096825534
0,935,0.3348766186897719,0.5975249470739067,0.01674752384914886
0,936,2.997218398638767,4.186332219837842,0.08664719643850022
0,937,2.3187618339093414,3.369250620542302,0.07145343230116138
0,938,0.7165733303367386,1.1559010269122385,0.038133852617899595
0,939,0.9060090914352328,1.5548285053017534,0.030502988030070174
0,940,3.8773845262266127,5.2251385059310484,0.09511547904526399
0,941,0.9034386636253906,1.421198833422398,0.04507314048298427
0,942,4.2475982527031695,5.4800619944201525,0.11526574245838746
0,943,3.699164103066521,4.797353446164396,0.1097558969967307
0,944,1.430507925489559,2.098602286295123,0.06372972017875561
0,945,4.748817734657496,6.077502489432133,0.12090567402843981
0,946,0.3987887041486356,0.691068623959437,0.020525562096201287
0,947,0.21082345202171054,0.3816869033334238,0.011665987711519934
0,948,0.2694767450792259,0.46484738526166447,0.02308778646633321
0,949,2.1327970857326606,2.906350432889584,0.09153929206583948
0,950,2.7889094631196008,3.9907599499888207,0.07925160031499139
0,951,0.18657716559315368,0.34685822059935284,0.00855116654328642
0,952,0.5301357533223092,0.8209530808591189,0.05431427305086908
0,953,0.35294348183475593,0.6956567178192292,0.008429652525963036
0,954,1.3301347634822296,2.0682442276110966,0.05141658317075268
0,955,0.28953523935206,0.560719653674764,0.006895316179451509
0,956,1.823642444100501,2.6836556421706237,0.06736395457749089
0,957,0.27997662215912766,0.4987663004026844,0.014461171288373638
0,958,2.7870369886030204,3.740116995068302,0.09297453376460448
0,959,1.1842030245700816,1.9234327914229206,0.04295745747260684
0,960,3.9330874280944035,5.440770942197258,0.0958851268768978
0,961,0.820957952763047,1.3821190850314582,0.030704380147857115
0,962,0.4624387742488742,0.7480627230496494,0.034937538424109085
0,963,2.6083045752054135,3.7200409515224737,0.07725617685176651
0,964,0.21886290285309187,0.4096285411507191,0.008042494705119023
0,965,1.3177566233543614,1.8947203341203245,0.0722177039686936
0,966,0.18476824005138195,0.33234287333917406,0.01264116947680557
0,967,4.123740191167216,5.564832193456833,0.09989783350126062
0,968,0.09505748850497084,0.17197900880833536,0.012505044168301055
0,969,0.6393141527138684,1.0436996107557732,0.035033914834312736
0,970,0.43376937301055146,0.8253667236450767,0.011731898751722489
0,971,2.5204222813429253,3.5422150981035676,0.08029633523887439
0,972,0.6365530317402529,1.032969291027596,0.03543326121207277
0,973,0.4031655037664702,0.6599435329510671,0.03271083452569678
0,974,0.3906809135410945,0.7700377426317224,0.008975404546265376
0,975,3.1810590988016,4.2802732376545105,0.09553049067967581
0,976,0.8055798075845423,1.2404098173602893,0.04900810264102619
0,977,1.056279189261725,1.749462407214732,0.03721522466781705
0,978,1.0040628593314207,1.5230166967386716,0.0531944186433635
0,979,2.691006476843636,3.6541035317139916,0.09141028358486512
0,980,1.4866483021819603,2.238419318626247,0.05842780286477417
0,981,3.2981248907742837,4.4268949068681565,0.09598375698587297
0,982,4.06008095474402,5.391959363178567,0.09927054648399397
0,983,3.2822832339296353,4.559712384431982,0.08959134929099234
0,984,2.5500758832263224,3.408909729908763,0.09782952405264844
0,985,3.522488171784451,4.570202602366493,0.10939726316949351
0,986,0.4182287432854851,0.7441212705209281,0.020184925134477557
0,987,1.4808504930939606,2.3094216023251057,0.05192771316529144
0,988,1.932346980877631,2.8077748948663923,0.06786745246233736
0,989,2.5148812888384673,3.578869526423974,0.07748931638605472
0,990,1.0745599488986688,1.6430771311648247,0.05289758369416224
0,991,4.3179708535250825,5.688755251469553,0.10996461522664164
0,992,0.806273039036531,1.329128888593554,0.03406458201544244
0,993,1.925771785635085,2.845381907988918,0.06469349026738555
0,994,2.5743460510044405,3.70243027560189,0.07664141292507323
0,995,0.22560907812623351,0.44634889557348345,0.004797673901305324
0,996,3.723035957518915,4.738409400478616,0.11513524197398198
0,997,2.9386496415236576,4.136468788883844,0.0819877377438712
0,998,0.32391138224910837,0.5817618904868855,0.017551698652908076
0,999,0.1961762199859278,0.3695100033981516,0.007993373861768632
0,1000,4.8859357112936355,6.344042180109015,0.12085594325882437
0,1001,0.24489391221998993,0.44924247473468343,0.013037449445553868
0,1002,1.6730148139932992,2.495344129345938,0.06152444906201649
0,1003,0.04714317907266952,0.09257827194705393,0.006057786866345594
0,1004,2.008918857035658,2.930135791477424,0.06707747202443423
0,1005,0.8915633902049255,1.4129454897399694,0.042220329549156
0,1006,0.27506296663026425,0.47448361743720585,0.022620487975192963
0,1007,1.3886812786578224,2.110795543559889,0.05628401082787617
0,1008,2.746323835134546,3.676068883487389,0.09640502613806023
0,1009,2.432754172455404,3.5534611507775558,0.07210903573882471
0,1010,2.3312945937011786,3.241372162365275,0.07978596682300503
0,1011,5.139221624264961,6.327182401733244,0.13438103888796354
0,1012,2.151137976812982,3.06801645873327,0.07301861450610858
0,1013,0.22349892254100986,0.38134503658559804,0.022719770944727304
0,1014,1.955379535701134,2.8729878094379786,0.06807622994350612
0,1015,0.42219872851502444,0.699425604467661,0.031341964716065235
0,1016,4.266145400694888,5.5326573165261825,0.11379706862869653
0,1017,0.7265572110061659,1.1746733351596694,0.03658406497071331
0,1018,1.5683020879145897,2.240431554163699,0.06908859978916805
0,1019,3.516034996555115,4.597891918572074,0.10727553665818299
0,1020,4.612306619298362,5.91991932064584,0.12088761432980491
0,1021,2.032769243991042,3.02044243598669,0.06421891792246374
0,1022,2.068989676416997,3.1272660051590244,0.06449658622485435
0,1023,0.13261038269189207,0.24326540401095434,0.008962206525487145
0,1024,0.1296803083368708,0.25472917709028187,0.002984423253390435
0,1025,0.044016385171155956,0.08347935118667506,0.003884270777639098
0,1026,0.5871171687731156,0.9259676490364567,0.04227221868365021
0,1027,2.144893751852648,2.9380575871731582,0.08769577328112342
0,1028,1.4421577183174148,2.1028109747533255,0.06583660181124834
0,1029,3.7534450745295618,4.965495046513066,0.10356424329030069
0,1030,0.4443233138194764,0.6878225309973816,0.04911089691424266
0,1031,1.1475533111026595,1.8526764299729679,0.04316488797031315
0,1032,1.6988233737571792,2.538471707913026,0.05920816077246102
0,1033,0.6318138761182731,1.032845438205321,0.03548974856336863
0,1034,0.5893250454052551,0.8856155378465713,0.05677980353068606
0,1035,5.543679165352241,6.7972749565122985,0.1315906637131352
0,1036,0.7687041275924834,1.2066867119184332,0.04382134373546336
0,1037,0.49568156152815196,0.8794350285176891,0.0203235947065792
0,1038,0.6911006243366875,1.2185195218567906,0.023707907680824238
0,1039,0.5124535500752181,0.8604158371633289,0.028252409199987297
0,1040,2.5906054383802957,3.5363820269953234,0.08887462057987831
0,1041,0.568841345092713,0.9068000265889719,0.04154376301331944
0,1042,5.004768344531588,6.4798579618672125,0.12220619636969117
0,1043,2.4731373421308454,3.318873428040875,0.09366613248006227
0,1044,4.581733354263474,6.043988680092244,0.10034143138579366
0,1045,2.544837850144567,3.595966527378192,0.07868605586207307
0,1046,5.024253137290563,6.118644909769693,0.13370138734183376
0,1047,3.363513070917517,4.4846840945566875,0.09880805834235996
0,1048,0.9126223232467702,1.4657267615781464,0.040454797052817154
0,1049,0.7034474940209299,1.073055499353961,0.053451103367549
0,1050,0.3020496767783076,0.5058868819661224,0.027009131265166686
0,1051,3.5010836340373963,4.554981258569061,0.1105463908355357
0,1052,0.33175666129118725,0.6060088346252355,0.013903205991892464
0,1053,4.149260680566554,5.186575850708192,0.1298214034454154
0,1054,1.9056473168561627,2.8529633240794574,0.06428187490280618
0,1055,2.62042051185607,3.5925119920607425,0.08919989564130003
0,1056,0.29940328355517476,0.5173233950035616,0.021456965180646444
0,1057,1.3084689527038649,1.9368297492000708,0.06047292396948531
0,1058,5.08198466932671,6.470361924348957,0.12050981555096085
0,1059,0.8534989239349976,1.3383267150460025,0.043365041051521336
0,1060,1.4282984172104516,2.2012599135831667,0.053316748069375974
0,1061,0.5639353931847072,1.0099235145922207,0.02140575144761637
0,1062,0.43462832227274434,0.7393981824030224,0.024569389521007814
0,1063,0.250228352740939,0.5004567054818783,0.005158701868298644
0,1064,0.38698880449940787,0.7043196241889222,0.01639334557069985
0,1065,0.5786847353335303,0.9450709287103811,0.03550141621477029
0,1066,1.1137071815488186,1.642871919743285,0.0615758070328209
0,1067,0.39188529748624323,0.6421253067244469,0.03330563323564864
0,1068,1.1566000266186163,1.7252078609339132,0.05980156539253786
0,1069,4.8934562758613245,6.387248191650573,0.12068005325438431
0,1070,3.3143557080098667,4.472598294142348,0.09490316688151614
0,1071,2.4869643670056782,3.3723757646830936,0.09051277863087996
0,1072,0.3451079360402244,0.6636691077696621,0.008575053827007744
0,1073,3.7061204761191058,5.123762188295814,0.09227165578993078
0,1074,0.44093390618534023,0.8389992381582171,0.011805565505921437
0,1075,1.5972587683684907,2.475284056243568,0.05553181416062753
0,1076,0.20456579310331885,0.3550953389717987,0.020569076547499874
0,1077,0.13536365166845907,0.2440107931391959,0.013063222101704096
0,1078,0.7548828856287151,1.2295098496467693,0.03533321237944403
0,1079,0.34260255563326325,0.5851907006158222,0.02498209378494362
0,1080,3.2592082290683946,4.584380805722577,0.08631192916457582
0,1081,0.6595662920631845,1.034319867099084,0.044599308017668024
0,1082,0.3792088015705925,0.7194577947606449,0.010586957480996457
0,1083,0.8831308372787021,1.3370304854889847,0.05328325950471455
0,1084,1.118706696577115,1.8019886310134363,0.04305484117426759
0,1085,3.4837912489436067,4.486700850912221,0.1158187406129358
0,1086,1.2564602990731644,2.0043533342357627,0.045529935962734316
0,1087,0.6637414157775915,1.1938436203247955,0.02092779283014628
0,1088,3.1465482734576975,4.173659886037153,0.09831645011198581
0,1089,1.103779730085808,1.658752778732304,0.05630277071324189
0,1090,0.23936457081226778,0.39039221668191293,0.03057592245894081
0,1091,0.1420252817090104,0.24233063691599913,0.021915084522387853
0,1092,0.9537066439541421,1.6056073879227961,0.03459906688459132
0,1093,3.511061958809423,4.8732772543037886,0.08987701807149427
0,1094,0.13986658019282772,0.26995228065189125,0.004582824377888107
0,1095,2.4410759705703895,3.2841279810251103,0.09228762655085981
0,1096,3.103116817434205,4.327589939989323,0.08643947442615457
0,1097,0.9013574625226225,1.4749485750370182,0.03822098053108396
0,1098,1.3562708744533327,1.9160017115293113,0.0774187890133282
0,1099,0.2865254950389828,0.4919588688405175,0.022246829475866467
0,1100,3.7737872051001227,5.018544241337336,0.1019236084188496
0,1101,1.2629203682239143,2.0146586826429123,0.045347950471518024
0,1102,0.36847280509852265,0.6783803961416509,0.013187249011632853
0,1103,0.6478044661924296,1.1347163198664785,0.02373585370431728
0,1104,0.19579764147172504,0.38877805069205834,0.003922887125748261
0,1105,0.7858128308014811,1.3146302703974462,0.03126569673529025
0,1106,0.8408598839599485,1.4031526897981965,0.03365472630685911
0,1107,5.413766811895991,6.980909836392199,0.1179465503993971
0,1108,0.2198832199425484,0.3816037817067452,0.017740571051757956
0,1109,0.3434273126865381,0.5366051760727157,0.04263555760465359
0,1110,0.3313651675732283,0.6213096891998031,0.010198282606510078
0,1111,2.223509971894847,3.278088987136402,0.06904047597703063
0,1112,2.5897026699967163,3.6995752428524504,0.07677882926020062
0,1113,1.7301212471503469,2.6555349374865784,0.058863411368170006
0,1114,4.1753484615921215,5.480144855839661,0.10778123765548189
0,1115,1.2209740996706788,1.8985088601815754,0.04928376431845812
0,1116,0.14862974882765898,0.2708581606925101,0.009671206898838798
0,1117,1.9205335121856004,2.790609467982392,0.06970879526082961
0,1118,3.0350619819862747,4.338252437528402,0.08168210150147377
0,1119,0.32013656673746543,0.5988949377741701,0.010723387653789138
0,1120,0.42022063516186153,0.7648015559945879,0.015704228346580577
0,1121,1.8192806139013589,2.713503288530841,0.06297707012612518
0,1122,0.7308186631236433,1.1340289600194466,0.046913732751390755
0,1123,4.346374607735819,5.543845162928339,0.10690935395860304
0,1124,0.6345830514569977,1.0906896196917146,0.02820216283446449
0,1125,0.2131546169451184,0.41430052307642734,0.0051497213165194134
0,1126,2.2284188427318115,3.079051841839116,0.08654078342327959
0,1127,0.9506545995613898,1.4475876856957521,0.05289105739043329
0,1128,0.19781332671041557,0.34968291302357335,0.01596105044674155
0,1129,2.846829086544989,3.927710718334797,0.08579492452980668
0,1130,2.1444836872525754,3.138853218213269,0.06854385353811347
0,1131,0.24230991028880028,0.48461982057760056,0.00493303487501127
0,1132,1.7308119766700658,2.616343685664053,0.05845966841507794
0,1133,4.2480933995306085,5.560331674778283,0.11117956072164428
0,1134,2.737037578249551,3.56227503902831,0.10501523216069249
0,1135,0.5582947389686304,0.9858495707104297,0.02152124017464618
0,1136,2.962629510439212,3.960406288566407,0.09526884818255409
0,1137,1.3228506227885244,1.9658003668254043,0.06055280112187876
0,1138,2.2124463354826394,3.111622386267028,0.07749159203785122
0,1139,1.219076704807736,1.8320202994038048,0.05696742177046857
0,1140,0.4339851179828841,0.7546365427345691,0.022388202790857622
0,1141,0.6377142918280799,1.111912098572037,0.02503579477805072
0,1142,0.4952224869930717,0.8836322807131276,0.019894796898966255
0,1143,0.5803977980415476,0.9939312291461497,0.026782399806402728
0,1144,2.203691793665474,3.108992206198317,0.07700872212813308
0,1145,0.48625127605168517,0.8410006346805875,0.024283505633031856
0,1146,1.1058586936390464,1.7032766085934734,0.05114064605363393
0,1147,0.057890103441789686,0.10442920620871864,0.01050178804969254
0,1148,0.5425959683859608,0.8956102128780316,0.033076762978382426
0,1149,1.391353674341016,2.198174148219238,0.04855063354838117
0,1150,1.3902190069537859,2.104964372110816,0.05764924390866167
0,1151,2.833904527119987,3.8630593290740878,0.08716306476351875
0,1152,3.1179539907800633,4.385693525492836,0.0835755579900853
0,1153,3.4405494999209303,4.710057069410469,0.09344159043941691
0,1154,4.219881907058282,5.388464589012883,0.12002942581165382
0,1155,1.646896809563639,2.367970547805016,0.07134033449730767
0,1156,0.5131423445830332,0.8922793635106249,0.023305806527169057
0,1157,0.4340913235497212,0.7368834196060081,0.026089876447091
0,1158,4.636804429408318,6.215824316179798,0.09933554002315648
0,1159,0.27420748150921553,0.4705535793800119,0.020274174457802933
0,1160,0.34266981432219984,0.5774620945059292,0.026839990605294854
0,1161,0.6507573091200114,1.1419741166493103,0.02505812716635222
0,1162,1.6982545248668792,2.4770121246677133,0.06735043841390821
0,1163,0.5156839131025341,0.8500971173569045,0.032220001354830025
0,1164,0.48786536569820493,0.7564653984983403,0.04419108337234933
0,1165,0.20415185643759812,0.37795681529663444,0.010036424519009754
0,1166,0.7348445315318496,1.3042273804671236,0.023892707006812466
0,1167,1.0521839647459001,1.5841870929882091,0.05574457246064138
0,1168,4.577261652562187,5.785472850192815,0.12504600475806002
0,1169,0.47895437960212034,0.8894867049753663,0.016152909345697117
0,1170,1.414115804270853,2.0391393641695728,0.07148192415204203
0,1171,2.8877743193255085,3.9996446454829226,0.08367748557888227
0,1172,2.7371764425238867,3.7764252522522073,0.08602006670467414
0,1173,0.3906309202896392,0.635642030057105,0.03396514828192972
0,1174,5.128319805488362,6.631910952647253,0.11756524224162367
0,1175,3.5115007042372164,4.464370242070434,0.11032253796327492
0,1176,1.3644777760009479,2.0622220932741593,0.05760523727919162
0,1177,0.6314642411941869,1.0668215751852106,0.03016997942312192
0,1178,2.1846149340336902,3.056136849206705,0.0807894850297407
0,1179,2.130088288948874,3.021483931606827,0.07457190029748008
0,1180,4.475686069312972,5.951710198554484,0.09957830246367277
0,1181,2.8175228990572023,3.771604727309375,0.09489780829579744
0,1182,3.907633662895239,5.044037330165793,0.10341653778717871
0,1183,5.374298048478039,6.857828238943327,0.1198137437434713
0,1184,1.6924004837550353,2.5821195952148246,0.05905808216005493
0,1185,5.267563646957862,6.828323246056486,0.11982890972877187
0,1186,0.6892526068126714,1.1389479051599634,0.03331157034803476
0,1187,1.9880058805137197,2.9876888375720476,0.06287633765460346
0,1188,0.6192875392639441,0.9989697805983859,0.03641847748393606
0,1189,1.593998925773021,2.2315984960822295,0.08491844752787159
0,1190,0.2792842757456559,0.5484495559932807,0.0063175120214875
0,1191,4.378170117246617,5.641971800575538,0.10297667519517345
0,1192,0.5043186531311357,0.9178599486986673,0.017661738989622935
0,1193,2.260548128996262,3.3146239419551935,0.06916783103328482
0,1194,0.46563269516215544,0.8208268664717482,0.020726895688914334
0,1195,0.6826181656842928,1.1294227832231025,0.03331240131043653
0,1196,1.1165305327824602,1.7232003020399813,0.05003825075209544
0,1197,1.4103680497858269,2.202153621595414,0.051908896435582365
0,1198,3.841840103297209,5.14970056399413,0.09659264022105177
0,1199,1.7955532094454896,2.6630676814247707,0.0638972236931625
0,1200,2.138593081136902,3.130231213731108,0.06883674033652643
0,1201,0.5925649511678021,1.0266093421505869,0.025598524509606094
0,1202,2.0491425557,2.917800813007608,0.07273213126576158
0,1203,3.096036143514096,4.1496610091078985,0.09356467718867904
0,1204,3.1837182127775674,4.295492826763385,0.09419698234545991
0,1205,0.3066044001920953,0.5563550043220805,0.014229309717358557
0,1206,0.28790528205187066,0.518987153172451,0.014562725266957585
0,1207,1.0407568814759833,1.5966156704461107,0.04994963120016711
0,1208,0.9566265135477784,1.531741262764003,0.041609186310416796
0,1209,1.0682942933593051,1.6240543303670365,0.05336967605510001
0,1210,1.2605470349724228,1.8162720718957492,0.07376464917340055
0,1211,4.712957823033932,5.855493052860342,0.12942951676658898
0,1212,3.476088941578166,4.8101555083460035,0.09184321895896208
0,1213,1.2544636246548386,1.9473359754816393,0.050528134674733154
0,1214,0.3280825091153686,0.6327305532939252,0.00857096134583159
0,1215,0.49678269624266785,0.8140053817952148,0.03371320703226497
0,1216,2.6518420395128515,3.6288364751228506,0.08866924083053374
0,1217,0.33548398978798205,0.527189126809686,0.04768019827826189
0,1218,4.468295721354,5.825160390665688,0.1024299412615486
0,1219,0.12615488478263678,0.2504945913669623,0.0025625755750872457
0,1220,0.5861959133449024,1.015575085540213,0.025735457435407023
0,1221,0.42759019059923903,0.7679744870631072,0.01797750000020672
0,1222,0.3656176348601652,0.6936718140840118,0.010514538664619924
0,1223,0.5074134194020656,0.911341207215552,0.018545814879622508
0,1224,2.5351916266868395,3.3542535368472035,0.10434521484140095
0,1225,1.1814137805403422,1.855514584731008,0.047144681118311195
0,1226,1.7795670423015166,2.7102601506316217,0.05973939220361565
0,1227,2.109817023900301,3.123005990180107,0.06656146039473723
0,1228,1.811790982316257,2.609372882140262,0.06771563790776859
0,1229,2.3727346062536445,3.408348053182032,0.073433754908193
0,1230,4.61355206870481,6.15140275827308,0.09971565105775115
0,1231,1.415301656873284,2.1684738836304116,0.05366202455452998
0,1232,3.136249247051885,4.270637272581291,0.09053679208698234
0,1233,0.6941748880242018,1.0529619088007554,0.05779488591169492
0,1234,0.44726062541798334,0.8393795298940235,0.013072025977535453
0,1235,4.001040270564326,5.327700991856707,0.09671085838807332
0,1236,4.13746883676392,5.374444056002617,0.11242321942411385
0,1237,0.5582027463569577,1.0214730528572893,0.017327617327246476
0,1238,0.27470175284873405,0.5415548841875041,0.005984288017530239
0,1239,2.9103460426778622,4.023593162827864,0.08504197381731943
0,1240,0.18420281714910325,0.364430033928082,0.0039897060220376
0,1241,2.4004064209066995,3.4104134941843824,0.07546022363917321
0,1242,2.2314731657719618,3.182592875773125,0.07561020692113186
0,1243,3.5804756808460856,4.805375255872377,0.09982972686761041
0,1244,3.8368402096171903,5.211536969212652,0.09934132916764453
0,1245,2.4399104574569237,3.376308524913366,0.08512531892548333
0,1246,2.673961310790104,3.678465295266808,0.08613719720229204
0,1247,0.34119936650931315,0.5585108677979828,0.03474508460957681
0,1248,0.5540053816074512,0.9832678296079267,0.02059920172809276
0,1249,1.3352363272944219,2.0066263449735375,0.057315801566775564
0,1250,2.766974289187155,3.679790549537556,0.09433062829636658
0,1251,4.22368153588314,5.421117022860319,0.11950053083614667
0,1252,2.4221896881886495,3.250503260315338,0.09729222871874532
0,1253,3.4456159605470043,4.804720033873879,0.08940785490672967
0,1254,1.3318459448855968,1.9253859855411348,0.06835887835111422
0,1255,0.7485832525504922,1.1751016173757727,0.0446603899265087
0,1256,2.3300679186717295,3.310479010134698,0.0753484153159477
0,1257,1.9822989411333134,2.979112122960352,0.06309131429683378
0,1258,1.3223474046055894,1.9013211331085775,0.0706647243409675
0,1259,4.962075111193905,6.357658736217193,0.12511062318409016
0,1260,0.2640565615726749,0.5185458564217018,0.006034674539384028
0,1261,3.8497776456243247,5.2291097432544325,0.09858436649398813
0,1262,1.8857148411271012,2.844735531757456,0.06106611420412456
0,1263,4.740860366937452,6.067318707945862,0.12203383684400726
0,1264,1.3173811826038933,2.0569636009078325,0.0494921061581994
0,1265,2.0353436083093297,2.8232185534613277,0.08366369767883891
0,1266,0.5361495538069248,1.0015571525976579,0.014583142743932177
0,1267,1.080662277005154,1.7137129599845042,0.04467636405419763
0,1268,1.4921866243999644,2.1179423055999496,0.07808111334947784
0,1269,0.799742649150354,1.2795882386405661,0.04104316279769998
0,1270,4.028589966377428,5.3219793766354435,0.10588067930082216
0,1271,0.15337587461323463,0.27831118969553836,0.011817875465957497
0,1272,0.6167930087044408,0.9570925997137875,0.04829423733552089
0,1273,1.0664809653255238,1.720335366685815,0.042363796554199175
0,1274,1.0104330415138105,1.4929432017872588,0.06497721883606415
0,1275,0.3512275018256658,0.6801941056482964,0.008565208137977932
0,1276,0.3842713036471442,0.6148340858354305,0.04181593052827413
0,1277,0.6040862992616864,0.9758317141919549,0.037040842025737646
0,1278,3.1385212479977924,4.141553811790902,0.09973966967840697
0,1279,0.4238243457361736,0.7303639668661107,0.024160480397481445
0,1280,1.2013546430480335,1.8158406386300734,0.05512719944041575
0,1281,3.8728742061263706,5.219060427507195,0.09532353281862425
0,1282,2.1488924182664406,3.242188560893225,0.06455123771383836
0,1283,2.763855409501275,3.937335918563268,0.078434737797259
0,1284,5.424858370373782,7.032223813447496,0.11784973709993361
0,1285,2.253401683638305,3.0200228749791727,0.09589802615362251
0,1286,0.11500195215289373,0.21740095064519643,0.0056090726940857235
0,1287,2.8514956043427,3.9341490156172014,0.0854161702000611
0,1288,4.9850611126810245,6.454342282734378,0.12390511469944047
0,1289,2.670265568338168,3.7441767208219976,0.08188341570907258
0,1290,0.8350512722944667,1.4148002447791603,0.030680284661707
0,1291,2.2361012681865375,3.1788899109895086,0.0758164430220457
0,1292,3.710738657144058,4.833474968792773,0.10906299400647827
0,1293,1.2235072997753573,1.9329967398817778,0.04578243498846118
0,1294,0.9412166418960467,1.498149566094891,0.04322311286785099
0,1295,0.31961180280714907,0.5877425098601267,0.012643381987877478
0,1296,4.50829585106358,5.823215474290453,0.1045425995347263
0,1297,0.8562424608893506,1.3237311608002031,0.049415579673179354
0,1298,0.340885963059037,0.5619453451639882,0.0311937073781819
0,1299,4.20880469048793,5.319758212850227,0.12221672446775061
0,1300,2.76887665091688,3.940324464766329,0.079917550585645
0,1301,0.32570850630754744,0.569989886038208,0.020254636447808234
0,1302,3.3546870729532148,4.461206892827836,0.1007299827561463
0,1303,0.9887587348074145,1.4914237899329714,0.05512250647930265
0,1304,2.7281418394072077,3.8648676058268783,0.08007186483047941
0,1305,0.5537202739744175,0.8673884060524113,0.04392525696202255
0,1306,1.4870171204641593,2.3267444355498026,0.0518958284502842
0,1307,1.3170066646831826,1.9571160491940027,0.06125383075734837
0,1308,1.0769192744754146,1.7230708391606637,0.04201507471598275
0,1309,0.3005178101051381,0.5882476282909087,0.006485431544870339
0,1310,2.6920415041686203,3.72303612278639,0.0846541206933922
0,1311,1.3233190999698747,2.0783894099526856,0.04957129848569386
0,1312,2.0099939456983176,2.767687998527002,0.08475620852264786
0,1313,2.933462480663426,4.10036468291628,0.08443347703443885
0,1314,3.080717057049343,4.279698830603681,0.08780250226939057
0,1315,0.10625854694239034,0.2029904655382216,0.004332544758081572
0,1316,1.0426845552523742,1.6341488936119082,0.04598679030525161
0,1317,1.9040472617871833,2.888899293746072,0.06083939994354776
0,1318,1.8156669958795943,2.7933338398147614,0.05695556002851735
0,1319,0.6075621526154956,0.9302222788632728,0.05664670758066965
0,1320,0.6278154580962252,0.9686295639198905,0.05011075356355249
0,1321,1.6978440793072653,2.3769817110301714,0.0855216435959709
0,1322,3.16475208132116,4.406174168469239,0.0883513143436142
0,1323,3.3757809095147326,4.630169444197803,0.09164691925782881
0,1324,1.7372170836365426,2.6260258241017502,0.058206302044680684
0,1325,1.024901248298117,1.5634086838445844,0.051119546436838914
0,1326,1.0510034885502237,1.7134541722424856,0.039874667853220705
0,1327,2.910730939051417,4.075023314671982,0.08297167445423402
0,1328,1.1242360578358521,1.741591118497158,0.05011202338651406
0,1329,1.7209599021585757,2.5291454915700604,0.0646211844590944
0,1330,4.433886354635201,5.690915991258583,0.10578180131299979
0,1331,0.840152198449418,1.3452436987076986,0.039269449816023844
0,1332,5.259744428062236,6.782302025659196,0.11981069013554052
0,1333,2.7799146163114745,3.8768538973424898,0.08287877013824685
0,1334,0.506068090599398,0.9453633081335975,0.014258762396221666
0,1335,4.038118787924346,5.334567451415847,0.10479894087417713
0,1336,3.00263829694799,4.193902403889312,0.08626947979325665
0,1337,0.35859083594379054,0.6705157411825672,0.01310480263505533
0,1338,2.4699828047586365,3.375212104931959,0.08675987139311657
0,1339,2.8605365677889183,3.940845590730477,0.08535913477188675
0,1340,0.399844771399175,0.7452888936283947,0.012672131458504628
0,1341,3.89578939283569,5.27816627416448,0.09533099384231351
0,1342,1.8067750417568065,2.5141896083705815,0.08567670381992828
0,1343,0.49946385726501885,0.7788249977691818,0.04218702924949435
0,1344,3.8750449832388716,4.901931903797172,0.11059399870510407
0,1345,2.150354910239894,3.1651291375441137,0.06866789502531295
0,1346,3.2073839415758925,4.344393063721845,0.09107434075930866
0,1347,0.42113824282276513,0.77967485495566,0.013710801538070546
0,1348,0.9511400021639512,1.5696727643073798,0.036860615987001605
0,1349,0.8294690852275095,1.3330753155442119,0.039063168432665295
0,1350,1.6432445376883644,2.464866806532548,0.061346099486525356
0,1351,1.6550203746137273,2.4546369601012588,0.06222252638031028
0,1352,1.9939187567444945,2.8922777570359712,0.06767021165790543
0,1353,0.801568572609344,1.3661954916800771,0.029854788564235242
0,1354,0.4706114012590417,0.8213218085667352,0.022798658461223763
0,1355,0.5425599295303382,0.8499060167787378,0.04768348936975699
0,1356,2.571970253876585,3.474179714660517,0.09200347623079735
0,1357,1.0872626201141105,1.6746343804056416,0.05046300204247985
0,1358,1.2179798019248098,1.942967779261006,0.04516385431055303
0,1359,0.46099785217792394,0.7692724895238977,0.029872052181178173
0,1360,0.16048163714000768,0.26976667838258955,0.027345239916266202
0,1361,0.7888591436339968,1.336130174530082,0.03051924276960459
0,1362,0.4418100883327999,0.741804592756306,0.028747938687590086
0,1363,2.505409376151828,3.459851043257287,0.08255368906959597
0,1364,2.696618488671306,3.7493091286339015,0.08466532073989287
0,1365,0.42245779453405446,0.7143377253030376,0.02505272791252606
0,1366,4.734833488059843,6.1230569191140365,0.11797298655165481
0,1367,1.4593961060103722,2.247805496613677,0.05489827965512006
0,1368,1.5648994138443968,2.2951858069717814,0.06627356761354147
0,1369,0.960743942794269,1.6174549922992123,0.034522993187380786
0,1370,1.3986511231402203,2.0784424511469193,0.05997357492427557
0,1371,0.2590303355370332,0.49601553613474425,0.007535385100391597
0,1372,4.512806005627803,5.945442832811231,0.09985078325302031
0,1373,0.8487535179790908,1.4380155145378228,0.0305053011811743
0,1374,3.9854037290274147,5.1563728659066035,0.10477567047801088
0,1375,0.6988670722407827,1.0935214189179305,0.04575080102771661
0,1376,0.18034719798635618,0.3243907392351991,0.015500055759787
0,1377,0.7347739117651965,1.14861209195479,0.0460255534748792
0,1378,0.58299823160173,0.9896574919165169,0.029380667417222065
0,1379,1.1119373093199836,1.7126390741250321,0.05068116959414762
0,1380,3.5170626057629018,4.610449944342042,0.10581059058948117
0,1381,0.6974449876541647,1.052011992550975,0.057002195529292296
0,1382,0.532335995141607,0.9385924124865179,0.02062298855458032
0,1383,2.584664091334622,3.6923772733351745,0.07704535531083938
0,1384,0.17429613691494278,0.30418561474327593,0.018020163909947894
0,1385,0.23686395114032766,0.4316533846438866,0.011965027594813452
0,1386,0.1540941613954579,0.2882713903656525,0.008636652450579398
0,1387,4.599767384947715,6.10022626452959,0.09982387355631804
0,1388,3.7544216674216524,4.851868000975673,0.10283750432690382
0,1389,0.36661439899594,0.6140791183181994,0.02622535963494541
0,1390,0.5897699905502883,0.9043139855104422,0.06193259482436398
0,1391,0.12313425632837936,0.2087928694263823,0.028801913623874575
0,1392,1.5991734221280123,2.303157374260452,0.06983873344060913
0,1393,3.6997570458121807,5.138551452516917,0.09102866025608024
0,1394,1.6101372021323266,2.266119025223274,0.07838496793412014
0,1395,0.5093488906033803,0.8396539287522389,0.03274240312235901
0,1396,4.017752299877539,5.2798734412003245,0.1021597151124687
0,1397,1.697920974268113,2.4361474848194673,0.07046554778158877
0,1398,1.0664107288842888,1.749173695548011,0.03997924688050015
0,1399,4.239453461694458,5.441360370937731,0.1161256612978302
0,1400,2.0361785443901548,2.753588601480986,0.09381821876313878
0,1401,1.2436261389967973,1.8076751528587318,0.0699138546680396
0,1402,0.6883463495585402,1.1389003238150395,0.0330913378873105
0,1403,0.9049304185166803,1.4235455121695149,0.043619108687534734
0,1404,2.02557728852482,2.7946467403176656,0.0865541878760704
0,1405,0.047724567894304834,0.08723166052204061,0.00850859324501663
0,1406,2.2938161138308675,3.138906261031714,0.08430674930531337
0,1407,0.3863476666819531,0.6653765370633635,0.02089923967909238
0,1408,0.5294213411664143,0.844625954693239,0.03892706414937618
0,1409,1.3811063086588018,2.111346425880697,0.05513420136422279
0,1410,0.16190758379839953,0.3091985107261102,0.0062474379879236186
0,1411,0.41698019394607466,0.6772769210760485,0.0339585227806978
0,1412,5.5384750697630505,6.756939585110922,0.13254103224152755
0,1413,0.3807011532643373,0.7000813153988484,0.01418257941248712
0,1414,1.5410772372452437,2.4323026274593618,0.05078212699326193
0,1415,4.981184702259757,6.415557260502097,0.12362543314714505
0,1416,0.14547945119987166,0.25672844329389116,0.014305114169565912
0,1417,2.260093533705758,3.2304597791555123,0.07414218308318485
0,1418,3.3318951503962215,4.495414091804426,0.09720306682429501
0,1419,0.8163630831410446,1.3139098142861785,0.04027812051261237
0,1420,4.18710653153314,5.52434997877671,0.1069284707822795
0,1421,0.5921767150347044,1.020480628424585,0.02662473534917368
0,1422,0.3034739266837961,0.517802387404227,0.024585583088939537
0,1423,0.40401153358969927,0.724072618641279,0.018132212255232597
0,1424,3.6996702120585865,4.770133166816654,0.11057020358668215
0,1425,0.7059490579453591,1.0768714443234295,0.05378892484136104
0,1426,2.289513713980354,3.401185112676018,0.06789656259367031
0,1427,2.778903111477317,3.976441468909531,0.07975072437604024
0,1428,4.845842261297693,6.194684952586745,0.12360096071399643
0,1429,3.052406789544149,4.217572822112078,0.08960697583664932
0,1430,1.4738805235443038,2.082148676118143,0.07980027499621488
0,1431,2.0338069825749714,2.9984125800248154,0.06788523691372317
0,1432,2.129016107438746,2.9011981153180835,0.09323261258972698
0,1433,0.3564314476474604,0.5869380125931233,0.032097602196828924
0,1434,2.863980038077322,3.8136936258335323,0.10032861940172504
0,1435,2.7692188076465127,3.7457328082376518,0.09233536499293508
0,1436,3.7034293282754263,4.802884910107194,0.10861205082514508
0,1437,3.456340984747523,4.719949516805758,0.0921519626512931
0,1438,3.3802345239011347,4.5188398372152,0.09835894495768191
0,1439,1.1506707529864988,1.6731374732614497,0.06752735099687755
0,1440,3.3430801863170343,4.434344703094099,0.10149178592495661
0,1441,3.9618247606682324,5.027696396787096,0.12362961379960181
0,1442,3.199301068497779,4.427140938029359,0.087724109711182
0,1443,0.9889852434376748,1.5582267498349411,0.04458230283841979
0,1444,0.78862682009862,1.2791142325989817,0.038007468614923094
0,1445,0.6937989605428573,1.1125415284444633,0.03966106119335278
0,1446,1.277990200560477,1.9723895002869791,0.05161712848008906
0,1447,1.0416166400265274,1.698150764649308,0.04045151719920435
0,1448,4.786631934347647,5.965249847830234,0.13255591929539384
0,1449,0.1444460955977158,0.2553434206049944,0.016242898221477734
0,1450,0.4552054948532077,0.711585601149842,0.049789909053386774
0,1451,0.40564451245883737,0.684369576234235,0.027715052870814258
0,1452,0.3588885042618041,0.6385418842060671,0.01763274289704987
0,1453,2.6858002403262398,3.739904635723097,0.08461372540144302
0,1454,3.6224888181274437,4.874945058437463,0.09610344896611482
0,1455,3.211060441054011,4.36636261032212,0.09310357192527335
0,1456,4.447458533752146,5.5988310475661525,0.11357119058203066
0,1457,0.21352212514169727,0.40599277315674837,0.006942104088914052
0,1458,0.5914156231098652,0.9308671937705565,0.043128311821849265
0,1459,0.627819743090615,1.0876877077748235,0.02532242913010437
0,1460,3.366795255183438,4.494936073674224,0.09566870709209718
0,1461,1.1450789393009353,1.8486816610400645,0.04350783440136329
0,1462,4.6609372211749385,5.843916211320862,0.1258805069830918
0,1463,0.12271079224483028,0.20937528926774168,0.029543195553615894
0,1464,4.256343139509383,5.60045149935445,0.11079176154384428
0,1465,0.721610787608442,1.250179198913988,0.02665809800364112
0,1466,2.608148456458332,3.691313935643214,0.07922110903533111
0,1467,0.12845808480290247,0.2370870692671018,0.009785493568598688
0,1468,0.40540748137994376,0.6524901475464182,0.038605897991189006
0,1469,2.7046603715759305,3.9134471298221567,0.07680027955757009
0,1470,0.3346430757829017,0.5350398013970812,0.050769921795812537
0,1471,5.29418204170817,6.5179628151683495,0.12891675450286708
0,1472,2.6650547661007367,3.6662129057470456,0.08724784841618419
0,1473,0.8844445272381047,1.5080913092649741,0.030401007837856597
0,1474,0.24421655319124355,0.40902527006877,0.027211084314124067
0,1475,1.5628155424351513,2.232593632050216,0.07034058940417927
0,1476,1.7650869640031714,2.560345925806798,0.06839170156904711
0,1477,0.3514648809999204,0.64241263017204,0.015118184451942771
0,1478,1.8960963782783797,2.673185057900666,0.07916087253215356
0,1479,2.084578422015197,2.955061719120445,0.07575666431575037
0,1480,1.4695949186025041,2.2002409798286076,0.05911165041547925
0,1481,0.35018061884490204,0.6111432456274087,0.022155869027019482
0,1482,3.0893583843441252,4.285239049251528,0.08673495127314702
0,1483,1.4039504208546896,2.0023555182681636,0.07436586091810403
0,1484,0.14743607277158924,0.2601260646989186,0.01819150815865745
0,1485,4.077233024217892,5.443539835524951,0.1022003460937414
0,1486,1.3453304158080135,1.9064842790862226,0.0781917186916556
0,1487,4.709777052402254,5.851541186317954,0.13051669690217485
0,1488,2.168175126227251,3.1624211785856033,0.07035597801360269
0,1489,3.035589865290955,4.263096149616259,0.08472245199010092
0,1490,1.6915158648480302,2.643626591169676,0.05420062392098125
0,1491,1.9989271236684352,2.915562213527442,0.06771032405367768
0,1492,3.633470084398817,4.909050007645211,0.09442051946331573
0,1493,0.1605724935225909,0.3188345914549285,0.003262912861417179
0,1494,0.7621207289623859,1.2212296018312934,0.039274024222059764
0,1495,4.114279814011506,5.552065770520904,0.1005378636221186
0,1496,3.58953033743664,4.830591358358881,0.09758171756833045
0,1497,0.9795379348253991,1.43451457121971,0.06758527040184753
0,1498,3.0918828410668824,4.211645815939751,0.0921455277750761
0,1499,0.35850980252960646,0.6755592877598706,0.010948527463853781
0,1500,2.1541208130621943,2.9905613415384726,0.08055374292262285
0,1501,2.064775937408392,3.0623643116618835,0.06534995422447135
0,1502,4.409236984991082,5.934594644663672,0.10627578178242489
0,1503,0.7893651462342712,1.1796623574278833,0.06072158788888645
0,1504,1.4217008329018732,2.21984866891696,0.0515576955389729
0,1505,0.23370939489957757,0.4556492519265146,0.005444991566846846
0,1506,0.3306352831200201,0.6360137043350387,0.008278169979106992
0,1507,1.0170775035915447,1.5003297981157033,0.06265471108562436
0,1508,3.5721792682557707,4.769139860760323,0.10021424621478407
0,1509,0.40254127570071047,0.7256336154078595,0.017044703547787463
0,1510,2.9199457723031976,4.123220129021546,0.0822830020451463
0,1511,5.613917358155724,7.097387748134694,0.12264428718821345
0,1512,0.44685429026711765,0.7648610244449435,0.024081376424428935
0,1513,1.977162216531633,2.7408280461972896,0.08293479451815648
0,1514,5.0087456527246035,6.519319738466945,0.12253596506102174
0,1515,0.1134676849870979,0.20542842314657597,0.010028357539267575
0,1516,0.26251483536333337,0.4283136787507019,0.03729371674527471
0,1517,0.7307256230830246,1.258733815246242,0.027419829355296493
0,1518,2.88344244580822,4.049424637009359,0.08381278721062442
0,1519,0.09251130903293192,0.18369152009416692,0.0019408896378056968
0,1520,5.1690332740780685,6.461291592597589,0.12761345518421202
0,1521,0.45115337712303133,0.8352434144034498,0.014287758417302648
0,1522,1.0489613792529504,1.6536567625870044,0.04588711098178398
0,1523,0.16900007932605662,0.3026537368322844,0.014086445892733635
0,1524,5.068277487749169,6.419818151148946,0.12162815647659506
0,1525,4.208035833574187,5.450823618619415,0.11599243956593254
0,1526,1.1842419913043012,1.6999602778400449,0.07456062899750793
0,1527,0.2986412343049063,0.5972824686098122,0.0061718439653088136
0,1528,0.3574703743424961,0.6895882398663756,0.010405869669042694
0,1529,1.458220974773433,2.2164958816556193,0.05690017057096107
0,1530,1.7175633698752835,2.430868375943707,0.07922674898032069
0,1531,3.381502649776085,4.663500907108776,0.09178744772576099
0,1532,2.205656129217528,3.198201387365416,0.07103653222066479
0,1533,1.5884765321995515,2.3562401894293337,0.06294505715632207
0,1534,1.6873496158359826,2.512065439306378,0.062825770291171
0,1535,2.7892298870456034,3.694634352997579,0.10356739974942092
0,1536,0.71966123077906,1.0999367674975407,0.05133773291306012
0,1537,0.5256887462253353,0.8562116106185101,0.03510567013325511
0,1538,0.5272322055264942,0.95320789475982,0.018633527275295728
0,1539,0.11821083223330821,0.21125419695887973,0.01132608400298715
0,1540,2.6528115583809133,3.6546712426630665,0.08739498430512438
0,1541,0.3179535667237617,0.5910948857884699,0.011989683528874556
0,1542,2.284398953109971,3.2830433041962954,0.0727839163892974
0,1543,1.8500037010463617,2.8069021671048247,0.06112184706552115
0,1544,0.36463840623407145,0.5868736479033577,0.03989496812814889
0,1545,1.4691713953827568,2.2331405209817903,0.05630861887935751
0,1546,3.2198082395966736,4.378257764954207,0.09230759466882685
0,1547,0.6616038774026329,1.093260065708009,0.03243277631732089
0,1548,4.058996748263153,5.390519491079639,0.10351688019472718
0,1549,0.5467476960102986,0.9640025166497371,0.020506574261570838
0,1550,1.053890230576637,1.5897666190054358,0.05540123054089962
0,1551,4.769199645196609,6.167499017610275,0.11961831019618609
0,1552,1.9300799575960064,2.754276263812679,0.07210798585453884
0,1553,1.2560906507198428,1.8736100767720565,0.0591522712047429
0,1554,0.09316033294194068,0.1719402118055952,0.008426911646067731
0,1555,0.7015183061815804,1.064100801511386,0.05528668436959702
0,1556,0.6222235688521404,0.9655193309774595,0.046775965072338145
0,1557,0.2625089853164824,0.5136866475257785,0.007326983346863963
0,1558,1.4278146155551383,2.20813190545155,0.05336148717420392
0,1559,2.570224086147683,3.379127098031726,0.1074260257787482
0,1560,1.15984289309323,1.87251744186136,0.042867907388098765
0,1561,3.0847678951996818,4.278871596567301,0.0869889314016592
0,1562,0.30410376429465946,0.5809430531697977,0.008038628507088435
0,1563,1.463952472762246,2.1917932501807624,0.059499812264666586
0,1564,4.310005837066964,5.360703777446473,0.11595360508038854
0,1565,0.42387653288714866,0.7391347042219658,0.01980337491276184
0,1566,0.5500017729952502,0.981375712599368,0.020804116768337037
0,1567,1.6613516639781503,2.401736644664066,0.06955501190386404
0,1568,3.1807107433948083,4.263151572298801,0.09332134067479832
0,1569,0.3945556925204969,0.7220100767892088,0.013266545952850475
0,1570,1.424965784669117,2.0662003877702206,0.06884330468880828
0,1571,0.39798045191310727,0.7132636670650494,0.018233740127948178
0,1572,1.899229810436293,2.843355612156069,0.06455977849668373
0,1573,4.15612684440468,5.426652667305592,0.10984009993977246
0,1574,1.6760480598750687,2.4362228629878047,0.06812902512173935
0,1575,2.6002193855609996,3.568386178057116,0.08773061684785281
0,1576,0.317967733229767,0.5559435838860077,0.018224176095406594
0,1577,1.4775959971179398,2.199791793462102,0.061879069183086666
0,1578,1.5486754816377104,2.171423294359752,0.08288772675077084
0,1579,0.20815460495413032,0.3415231242959983,0.03172878177374938
0,1580,5.09244375672871,6.517272579854877,0.11995244441004072
0,1581,0.9841901190134789,1.5374330853228306,0.04555997624594483
0,1582,2.4318402461597692,3.4816510628079755,0.07670220012357157
0,1583,1.6926669556074443,2.5199817035728813,0.06248416374210073
0,1584,0.7718988850211937,1.2647981730467752,0.034889806438931886
0,1585,0.7055106707745039,1.1744171531795091,0.03270525319130611
0,1586,1.7087702306059926,2.5583283113592534,0.061871913424168645
0,1587,3.6315804566270438,4.952155168127787,0.09677243168364906
0,1588,0.2971191668695781,0.5359796735686506,0.016006068091222563
0,1589,0.6406702261936338,1.1222197426136855,0.023782418411567873
0,1590,0.25499493828331166,0.4989829008133867,0.007264972594038114
0,1591,0.281312423007075,0.5526492281770197,0.005935614747483018
0,1592,1.0320853674248995,1.5422639297315264,0.05852969092936421
0,1593,1.7310917162972383,2.5581688696392533,0.06423065734923311
0,1594,0.22141733650746992,0.3801693890977314,0.022331886088148224
0,1595,0.4474523930094869,0.7736596214615645,0.02205702861647508
0,1596,4.419711598623885,5.784962825423936,0.10062515805589752
0,1597,0.5679694036401249,0.9839979477077327,0.024413804803004282
0,1598,4.456637254944755,5.77970144000648,0.10337013023775805
0,1599,2.4213737498629087,3.440203141881728,0.07643331871957465
0,1600,3.724513080598565,4.788659675055297,0.11095475435956285
0,1601,3.750755955307438,4.897360107448054,0.10608078084935084
0,1602,0.13520796935242288,0.2589899131257679,0.007907666708744121
0,1603,3.172713811715947,4.366745891393991,0.08874418318732596
0,1604,0.3050392966764377,0.5990264449225695,0.006384217118173955
0,1605,0.5113424062546675,0.930643179383495,0.01765960955952756
0,1606,4.138128038416291,5.614433176445884,0.09944425121793823
0,1607,0.5911446041052578,0.9711661353157807,0.03489797572724239
0,1608,5.075074744789436,6.4615642369226345,0.12135852888301549
0,1609,0.5441532096008311,0.847502987366812,0.04654981390675226
0,1610,0.1932902793758991,0.3756909655475223,0.00500045968873743
0,1611,1.689231983979989,2.562972665348948,0.05969792005156453
0,1612,0.842616603581481,1.3835556577325556,0.03610585250761134
0,1613,0.6833455684660348,1.1291868844774113,0.03356545197368636
0,1614,0.4439560098148728,0.8441417088029274,0.011789875490372196
0,1615,3.605796192864439,4.864963117356784,0.09787914847006321
0,1616,0.8340635229126834,1.2747902708154084,0.05236705001436064
0,1617,3.4417135405235375,4.69997440480096,0.09338518805086074
0,1618,0.439802298571124,0.7512151062550254,0.02593595520815578
0,1619,2.389748128304096,3.240548509061575,0.08938538616878955
0,1620,0.32293227252029644,0.6365041893153668,0.008037792012109905
0,1621,0.662184814257421,1.1599054262809734,0.023639732879794262
0,1622,3.681954021390898,5.113825029709582,0.09162250181134612
0,1623,1.4218039149652166,2.1784364077244835,0.05334755049686327
0,1624,3.5262175625772456,4.575041247856631,0.10816142182363896
0,1625,2.6389973237598108,3.616403739967147,0.08901184342280602
0,1626,0.23570695849785703,0.43344769549270334,0.011692768141487949
0,1627,0.30045954954766074,0.5585724511724969,0.010961640688219261
0,1628,0.8052933911027605,1.2884694257644167,0.040698081831562344
0,1629,3.7861589126603277,5.061496651661701,0.10133580389273689
0,1630,5.0716716795667285,6.45723146831434,0.12180210482664441
0,1631,0.26012460776383756,0.4303879873910768,0.032469758408539766
0,1632,0.08024380308516339,0.15018603685533963,0.005111572119732745
0,1633,0.583821512690535,0.9742297635081316,0.03190377727097982
0,1634,1.1872989723752334,1.7809484585628497,0.05702968849312555
0,1635,0.13046495768808225,0.21985761388176836,0.02466920581070606
0,1636,5.594182126118652,7.035981643159542,0.12434243904648809
0,1637,2.548283066349712,3.5294401828052164,0.08249429089588181
0,1638,0.6334933976670728,1.1024430556803608,0.023686878303410278
0,1639,2.797868488705737,3.824745753177522,0.08884789314106627
0,1640,0.3598334722611083,0.706629499875075,0.007321940492505681
0,1641,0.7692588336691321,1.296343590072056,0.03144335461193577
0,1642,1.9400360366814504,2.9045737272349395,0.06268625506793936
0,1643,0.23444525821625628,0.4446375586860032,0.0077498504782152235
0,1644,2.643583535491833,3.6226885486369564,0.0883030331697584
0,1645,0.37446739912965954,0.6182035760779584,0.027793153313846797
0,1646,0.5952131023439913,1.037807460497215,0.02405957233380715
0,1647,0.6020725051995937,1.0497674449633938,0.023965063326242812
0,1648,0.8578342016981257,1.438603940735987,0.03326965828855589
0,1649,0.39289969778824846,0.7454329882694852,0.010664544290075505
0,1650,1.7814235350897618,2.657038493015238,0.06281284664305109
0,1651,0.9988900633160167,1.5474135084895513,0.04802578659217848
0,1652,1.7617380570582368,2.618001805460844,0.06251413987144266
0,1653,0.17401651823634678,0.29647258662488724,0.025335193562057674
0,1654,0.3923179015697326,0.6554293086105115,0.026658893623223486
0,1655,0.3892783779185698,0.6117231653006096,0.05267691847117408
0,1656,0.1295797675535919,0.23205788437702077,0.013565457420721162
0,1657,2.58060769982459,3.612850779754427,0.08025939882677857
0,1658,4.78374683223788,5.961654343693438,0.13350375873857626
0,1659,3.7056889970890436,5.175543292023804,0.09137273048189684
0,1660,2.773884563395317,3.947451109447181,0.07961576920753051
0,1661,2.7830316222289526,3.734741917913465,0.09385798232988624
0,1662,1.9180714179309828,2.673056976052753,0.08135500915191582
0,1663,0.5396689901124044,0.988789491950915,0.017808801754116314
0,1664,4.597980472974913,5.8712673731833505,0.12242954429670079
0,1665,3.9847283129141755,5.305980332459402,0.09769951872818894
0,1666,0.152557679726837,0.28346866165459594,0.008857234263927405
0,1667,0.051832873734977136,0.09666130507333572,0.007192768806492114
0,1668,1.3779788562753572,1.963249445768654,0.0779252168897587
0,1669,0.05213513283193029,0.10427026566386056,0.0010834633531977662
0,1670,3.124065050007059,4.38734818498259,0.08591789979319127
0,1671,1.4809696366611529,2.2298690552000315,0.05874123424366902
0,1672,2.5501463547528993,3.647136686127049,0.07755956233303421
0,1673,0.6189573891430842,0.9495369037990496,0.053892068942021254
0,1674,2.461470096318381,3.3460609121828,0.08803587964775428
0,1675,0.7043849800644121,1.1336847016421308,0.03746074156264354
0,1676,0.5752636758775047,0.9021180371715416,0.043626319446477435
0,1677,0.7857022006949633,1.1677010607013545,0.06288566710854343
0,1678,0.7316073417824503,1.18083992006992,0.03986845950122355
0,1679,0.47432745868764514,0.8013482531865805,0.02702529810741029
0,1680,2.4241321615912645,3.2656702695011854,0.09275972775435219
0,1681,0.2449394253114805,0.461552522525715,0.007869857394388413
0,1682,0.46692701542699977,0.7042177937587536,0.050600141494820935
0,1683,2.748306150476418,3.6176683001169176,0.09974765174655617
0,1684,0.9061786201193001,1.349199278844291,0.06208654024387117
0,1685,0.9275620255112998,1.4154703741906538,0.05089416109540292
0,1686,1.2841810363371757,1.9819441427862774,0.05130842965532112
0,1687,3.4519221648505445,4.810055475611415,0.09105215442310825
0,1688,4.255969421017206,5.7048100749805135,0.10227711309481116
0,1689,1.3849313534543652,2.188027641256305,0.0487162318838141
0,1690,1.1810629887129978,1.6953968708944647,0.07677551189151079
0,1691,0.3291761338382003,0.521818984891238,0.03387377227983887
0,1692,3.2516755180889407,4.295634500212232,0.10163708737264492
0,1693,0.5164170671092667,0.8734461505428337,0.028631410604705098
0,1694,1.9147761611519454,2.782243814270507,0.07016841968417527
0,1695,0.8082592957762771,1.2913018334887265,0.041481422794036556
0,1696,0.31166185509855354,0.5449182120591062,0.018484117328132408
0,1697,2.3673313152642494,3.400586419716601,0.07373854357453977
0,1698,2.722284413823344,3.835262571961067,0.08004462517297671
0,1699,4.704077871841098,6.2304010111086905,0.11627619479171089
0,1700,2.658706715308048,3.8044477307446654,0.07755262802913711
0,1701,1.0118386582433696,1.6396662594425684,0.04088792614978113
0,1702,0.22107681711114918,0.4203573283099316,0.007021281252311743
0,1703,3.5722695856142375,4.707209401877091,0.09996059176690106
0,1704,3.7313980359294034,4.890095320770638,0.1042851629155682
0,1705,0.9418282178348023,1.434147513521176,0.05361947559004751
0,1706,4.664758749339018,6.081282348614741,0.11736828089503061
0,1707,0.653670965915446,1.0250749238219492,0.04525837616895805
0,1708,0.5511403127891066,0.9379655012684175,0.027506860507045983
0,1709,0.42579234771757174,0.6729476759904153,0.038671951578453746
0,1710,0.05181991356818869,0.09381775201560962,0.007764050399478067
0,1711,0.4016908918413235,0.7386798950639102,0.01412775725991246
0,1712,5.146845286041329,6.6908988718537294,0.11667717663253664
0,1713,2.8421817728674825,3.900440943616012,0.0858027332489597
0,1714,0.6233082019233523,1.0001922309932862,0.03940120866544584
0,1715,0.14243089312191629,0.25956156180770273,0.009941158818228914
0,1716,1.0301485948839268,1.580341594424206,0.05090207956705575
0,1717,0.926145651110718,1.5191047570047753,0.037168329590016314
0,1718,1.1291625487336334,1.8120692398839142,0.043371124796661165
0,1719,0.43368891176406266,0.7880099181072513,0.015979198745406053
0,1720,0.45499809194909197,0.8118593405366149,0.018872864228645255
0,1721,2.2654033202721364,3.2666865557515337,0.07427583270496978
0,1722,2.857525834213759,4.073158371420717,0.08028771568376353
0,1723,3.24198376621567,4.444655163360191,0.09045693081159431
0,1724,1.4930300169283852,2.3361528500173563,0.05173671758506147
0,1725,0.5303548021627223,0.8960031440264625,0.027547119756696343
0,1726,1.1738922742731366,1.8397843830713483,0.047770794143954146
0,1727,3.4014703095198686,4.607282535645958,0.09580954123110978
0,1728,2.6312074696082766,3.6073005631726374,0.0873930433848557
0,1729,2.1327371910685766,3.1216600226813793,0.06913412270463039
0,1730,1.2884473062647648,2.011786144869545,0.04939093740230523
0,1731,0.2619591184819221,0.4467769014599652,0.021072531735675668
0,1732,0.33788366605749154,0.6068568475900998,0.017178674375014774
0,1733,0.28213403985757846,0.5427161738927029,0.007339604720113286
0,1734,3.490824579031281,4.506013359667929,0.1115141116306582
0,1735,0.48878417172936195,0.8156398448489969,0.029373660409901678
0,1736,3.311863192296431,4.325698863407583,0.1071077750372086
0,1737,1.393316904893684,2.070515624031954,0.06049240702922217
0,1738,0.28410313035147605,0.5281648799151603,0.01039475835859745
0,1739,1.4754105778979154,2.071853151941754,0.08544764381769643
0,1740,0.1975932792126009,0.3577342375286959,0.014616192470451603
0,1741,1.1048171914201785,1.762446472027427,0.043874943787979036
0,1742,1.2118541663532199,1.919985817776486,0.04577471065097689
0,1743,3.121591050764001,4.377013538571263,0.08588658160051436
0,1744,0.1267258419966345,0.248860167978898,0.00453518155213268
0,1745,0.3055706082206989,0.6111412164413975,0.006316861909716024
0,1746,1.265666823699608,1.9421439191252605,0.05198354472316534
0,1747,0.42117504492013846,0.8181097994851613,0.010145850687814761
0,1748,2.4915930590920277,3.4642470340316973,0.08244155798931246
0,1749,1.4779118692796327,2.0878437518394812,0.07805578394640172
0,1750,0.4022073982922952,0.6993797435273671,0.021310471313467992
0,1751,3.8308830196992276,5.1841840864407995,0.09808141515109566
0,1752,0.1024249538824834,0.19230807667731575,0.005973275340701015
0,1753,0.007454737480438654,0.014909474960877307,0.00015488277499811222
0,1754,1.2088509769043954,1.806560626596014,0.05779910751557966
0,1755,0.24859428654851565,0.48143259718902676,0.00641613634043104
0,1756,0.7223315177754568,1.1651895316496956,0.037761130665381386
0,1757,4.327742377920013,5.701628847100969,0.1092406266594181
0,1758,5.347072845525131,6.752746634812665,0.12168334431542711
0,1759,3.1023856496092135,4.3637951994503235,0.08425043340204329
0,1760,2.1801216538356,3.1778044445739275,0.07025843401118335
0,1761,2.1437730760438356,3.1912985563834373,0.06585400834038341
0,1762,4.117508825100258,5.556423199463251,0.10024273868361638
0,1763,0.3674235867487158,0.6923560104040428,0.012104850893295901
0,1764,4.645078649425368,5.765499630191289,0.12948036467718008
0,1765,1.2999031283292333,2.0416125603759143,0.04925679698243388
0,1766,0.9137433456338793,1.489678545306142,0.03726320088005269
0,1767,0.18892375947721834,0.36853437588161614,0.00430659391012984
0,1768,2.7793908902700135,3.73480650880033,0.09233034915918208
0,1769,0.1767838592780799,0.3046463990075088,0.02172512604609623
0,1770,0.9864186956580244,1.58890197085035,0.041915765536731465
0,1771,1.7896253542808058,2.6394474498890106,0.0638710020954943
0,1772,2.483052624392004,3.4109301840332273,0.08510106693529611
0,1773,0.30758435241587445,0.5183365938860106,0.026422587596921388
0,1774,1.667092567286109,2.553638903646352,0.05852968005778337
0,1775,4.958316034772514,6.352842419552282,0.12556090668260786
0,1776,0.26180777053709203,0.45816359843991106,0.01979903286552545
0,1777,0.388936618778571,0.6150625599289029,0.045108524352250066
0,1778,3.761584750951871,4.982098952058596,0.10142605045545773
0,1779,0.18986517905524536,0.35762276876844157,0.008090977779178358
0,1780,1.7049422444701423,2.6646103341718987,0.05392405322792874
0,1781,0.3882862781283837,0.6964102278689719,0.016443506548526953
0,1782,2.1947911057706846,3.1648645226859053,0.07125353745687858
0,1783,3.297355643268069,4.594675896357145,0.08859205359131521
0,1784,0.9285802422538297,1.4693416774487074,0.04368065959945931
0,1785,0.15230210625671903,0.28125122288740784,0.008225181725114817
0,1786,0.36981137787727264,0.680055822405186,0.013631699896542514
0,1787,4.484164371437886,5.845847793131064,0.100876429686338
0,1788,0.5018336103041963,0.8896141273574393,0.021187094664692933
0,1789,1.0701877219755023,1.7123003551608031,0.04225050089249616
0,1790,0.4812304442799709,0.8643152058449481,0.018723461531488208
0,1791,1.682073524706142,2.439930827046272,0.06868351664239983
0,1792,0.7352945657719875,1.130252789672369,0.047670662260705696
0,1793,0.0629303880600377,0.1181550143168055,0.007081411988558971
0,1794,4.04113244216045,5.33854864727512,0.10489911416475808
0,1795,0.397897560959484,0.6519767263914436,0.03239371813031952
0,1796,1.2586051093459216,1.9357493787016224,0.05151687252687485
0,1797,2.7521840730271645,3.8679343729030427,0.0810740867357382
0,1798,1.6660839689267608,2.352118544367191,0.07584252905351095
0,1799,0.5223824875310132,0.9260416824413419,0.020901294177959596
0,1800,0.6697918371591487,1.1067901699398124,0.0336467544608247
0,1801,0.27308144644938154,0.4864828416879712,0.014708197968841808
0,1802,4.294664005144304,5.628270196215426,0.11071865258674304
0,1803,1.9636125993733917,2.869056186862233,0.06624499802591935
0,1804,0.46775618284799136,0.7902464704015754,0.027368880617730646
0,1805,4.396045949392115,5.556423560399169,0.11288934484377701
0,1806,1.298058821640299,1.9009823180306027,0.06540642542496097
0,1807,2.2227724036902976,3.1701835921484576,0.0756012894295016
0,1808,1.8133483355702418,2.6894604527558648,0.06295984280504043
0,1809,0.28196045633775524,0.5558648996372888,0.0061222491283495694
0,1810,0.5262387123354277,0.7850912681328545,0.05431432950263559
0,1811,0.5571873543147278,0.9978387913871596,0.021472296014515536
0,1812,0.4724558920606088,0.8806320709156927,0.01448879597992635
0,1813,0.5076466713392126,0.811626714057304,0.037660617783802024
0,1814,0.950721414871072,1.4027037268589588,0.06363891535550469
0,1815,3.257249679212669,4.2594803497396425,0.10940390924638085
0,1816,1.3328515062889994,1.995469112272673,0.05817565165552129
0,1817,5.587805646905545,7.027961741468828,0.12524998363657058
0,1818,2.8114539102331038,4.034515780786489,0.07770642749740708
0,1819,0.22439459237062123,0.4408319296926388,0.004911340770372925
0,1820,0.7952754677705528,1.2898980147985797,0.03764224508921317
0,1821,0.34803917315317034,0.5975766935271415,0.02343931749031365
0,1822,3.8028238193834873,5.11067328107622,0.10049342728833617
0,1823,0.2712683093113693,0.4372206867724422,0.0445848376299247
0,1824,5.370823880448811,6.853395055781038,0.12014181875482109
0,1825,3.881422187550824,5.258701028294665,0.09627767946795865
0,1826,2.3654276973423047,3.314128645474243,0.08018134571666716
0,1827,2.2077342486083165,3.1049952266523384,0.0780424554920839
0,1828,1.099851495068901,1.754525004038485,0.04424983813575715
0,1829,1.6928536991164485,2.4691346771643228,0.06789768436096617
0,1830,1.6563296291775083,2.3259096920365017,0.07872154629662503
0,1831,1.1186971174601823,1.6594007242326032,0.06072671173182902
0,1832,3.481026841045318,4.8053305305734275,0.09127092682706135
0,1833,0.2482150070372516,0.43160953452974327,0.020490793472203877
0,1834,0.14243820202961127,0.27014141764236627,0.006526845603685417
0,1835,3.3894941466131066,4.555193191744599,0.0975977704702656
0,1836,2.5946372572476486,3.500701061365876,0.09389131915455932
0,1837,3.3183268094800042,4.317210900088781,0.10204920558031125
0,1838,0.4094209713811554,0.7954464586833876,0.010900422913789386
0,1839,0.11256630622188277,0.22351295336143628,0.0022871365572687883
0,1840,0.2507893270038182,0.44407282106408563,0.015611203188639605
0,1841,0.5969393688619138,0.9121770130923627,0.05321272876968409
0,1842,1.5794079277480666,2.4106752581417856,0.056945790262506624
0,1843,1.539091787044228,2.334872199663687,0.057795236311136894
0,1844,1.6319105951150579,2.4478658926725863,0.06204807546859043
0,1845,0.5557184008160265,0.9546957142224043,0.024810079694239477
0,1846,0.02809852119307501,0.05385549895339378,0.0029190011400501534
0,1847,0.7915465095700671,1.3031558389263296,0.03441542578839874
0,1848,3.1435178218599664,4.185927876777261,0.09924234307395123
0,1849,2.645877185506632,3.5006990454395415,0.10328128983626582
0,1850,2.1524867959257383,3.150567265544936,0.06775832752028338
0,1851,0.10905167695534977,0.19153948388311431,0.017192509675817664
0,1852,1.1551448708401448,1.6887715774782557,0.06643625181804046
0,1853,3.9980084808182736,5.125651898484966,0.1122219080676057
0,1854,2.658105008204529,3.5350056294678804,0.09841593814729083
0,1855,0.5333317024142367,0.9358461948023397,0.021871612315399698
0,1856,1.305052374614752,1.8563846612167056,0.07717554179759689
0,1857,0.885159568391261,1.4844290898486987,0.033829401180173996
0,1858,2.418352816355864,3.328485596704843,0.08865125535223775
0,1859,0.2414849898220153,0.43530846849494853,0.014095921255632806
0,1860,0.11679984212469702,0.21413304389527785,0.010423586097392117
0,1861,1.031374504228305,1.6814529796206912,0.040481758965284144
0,1862,0.1258307899973869,0.2445725214033716,0.004059470162472718
0,1863,2.7340395493363574,3.873222694893174,0.07968506224353678
0,1864,0.4165752804247098,0.7843107003858328,0.013178847228023257
0,1865,0.2243227641897624,0.379410107333302,0.026547572749555
0,1866,3.858573029475516,5.250189531909307,0.09706902116003434
0,1867,1.4478975074288483,2.2314655702726944,0.05249579730009877
0,1868,5.0447485233032,6.267717862285795,0.1284889713537644
0,1869,5.054927345402199,6.3702400730323605,0.12297091255947937
0,1870,0.1738070807677533,0.3209637424844511,0.008847569682761142
0,1871,2.5945726881330837,3.4594302508441115,0.10117320813701168
0,1872,5.676599061275608,7.328519423022474,0.11955841455813707
0,1873,0.2567158000004038,0.44239074968623043,0.02208169616404435
0,1874,0.1595832814001483,0.28957496095126234,0.01146321191522377
0,1875,5.221619007038919,6.663003420440286,0.12192957724668246
0,1876,0.3685945221365096,0.6049286569181538,0.028265785308905854
0,1877,0.464815426298073,0.8632286488392784,0.01615203765935507
0,1878,0.7255070279817221,1.119353700314657,0.048999370728286314
0,1879,1.4648068379913934,2.2691805351542977,0.0549918819897426
0,1880,2.2038460002696625,3.2807252958559743,0.06740289769723237
0,1881,0.1568646690039384,0.278641188362259,0.012830794232065987
0,1882,1.468980764939905,2.2717958341512485,0.053210359136938924
0,1883,1.972222897865408,2.733980948363687,0.08432832017757502
0,1884,3.241894066714047,4.455437300243371,0.0914653081260317
0,1885,0.3947335438319059,0.7079737108727084,0.016325770821428706
0,1886,2.0473427593382953,2.7976778020277226,0.08877132030881378
0,1887,1.570389187698743,2.303237475291489,0.06569035400964014
0,1888,2.6049988134049182,3.7890891831344273,0.07613784768491691
0,1889,2.4207589798360813,3.2071984453665845,0.09974059079375765
0,1890,3.020023244338774,4.1284360308248145,0.09205222066767428
0,1891,1.4440622083340275,2.2203499850685042,0.05401386070093907
0,1892,0.18713533195154128,0.3245258288273563,0.020046661802732554
0,1893,4.03430626127427,5.429146192033989,0.09614801726237908
0,1894,0.392226429444651,0.6238923322160531,0.04334295032332912
0,1895,0.09672906662719881,0.18539737770213102,0.005324165543334083
0,1896,2.242388376367952,3.3059211491596088,0.06831377217441788
0,1897,1.5619094925556316,2.2532464810638615,0.06936424310077643
0,1898,0.5176975478571136,0.9151556652441883,0.021902089932949946
0,1899,0.9731645699589696,1.558221841184302,0.0418889753893677
0,1900,1.2208225316570038,1.8733311261633332,0.05160637394598898
0,1901,1.4514275255308977,2.257776150825841,0.0526974901426486
0,1902,1.1264153035170577,1.755112217107973,0.048316991643154276
0,1903,4.153787126095882,5.666307438315575,0.09904481442446185
0,1904,5.2714925510569595,6.83341626988865,0.1195527490271283
0,1905,1.4857362277729649,2.2712979114230394,0.055838139214650896
0,1906,3.812532663797408,5.083376885063212,0.09924736532148332
0,1907,3.4196511245310637,4.638356578486284,0.09217611955581317
0,1908,0.8936110232293724,1.4057389780625802,0.04438496566027758
0,1909,2.8207962677814518,3.825058813379036,0.08830780357055135
0,1910,2.9387420354256624,3.8731112979712563,0.10583780600451553
0,1911,2.02200366261701,3.004446120159737,0.06463153624454952
0,1912,0.7421060209330992,1.293928446755147,0.026721499563239194
0,1913,0.296590106128037,0.4967429384843809,0.027788324313768726
0,1914,1.0270746496948002,1.5234940637139536,0.059838014351808314
0,1915,0.6486565251734696,1.0603786309721988,0.03454778702847722
0,1916,0.12614626135759432,0.22988496313193182,0.009257113578139851
0,1917,0.23952063979384827,0.4738717693763183,0.005072494844838765
0,1918,1.2585759391008677,1.8394571417628058,0.06609140284446083
0,1919,0.0849430953289923,0.15825015020195826,0.010081281097645948
0,1920,0.12949923837818308,0.22142771006639939,0.01707790680579293
0,1921,0.3800487891317985,0.676732037421783,0.018503157994907374
0,1922,0.4088327959738358,0.736974908531783,0.016971996017119947
0,1923,1.2766114234942034,1.9511845052269363,0.05335086840120079
0,1924,2.0166642694129666,2.996512445511922,0.064852764471814
0,1925,1.1255973799936323,1.8063478912472657,0.04373026988640814
0,1926,3.0859242114825975,4.381671394204573,0.08301587910758108
0,1927,1.5763649247180518,2.4189047982742524,0.05675081814611108
0,1928,1.855810208149291,2.815712039950649,0.060925883990364534
0,1929,0.30991926235554157,0.5961641366144793,0.007581114798702486
0,1930,3.150678900040122,4.17913885186669,0.09742357928204982
0,1931,0.07444562578954796,0.14889125157909583,0.0015473187292780546
0,1932,1.3575924476780734,1.9446594520794018,0.07319328811233641
0,1933,3.5421285342783237,4.619373810167091,0.10442029749937744
0,1934,4.672509586033783,6.123446773275853,0.11738674622652127
0,1935,0.4404285303315952,0.7991881941116361,0.016827738496340183
0,1936,0.9394384576499489,1.5179950687636368,0.03947693370621372
0,1937,0.27626254006439876,0.4543353821541015,0.03170877888243051
0,1938,0.7071211239397502,1.2128469910612167,0.027474776723646246
0,1939,2.7645676669247514,3.739441528419268,0.09322323102744377
0,1940,1.8202743225099909,2.5329743217996183,0.08232696916694943
0,1941,0.41468559450958237,0.7677287357812541,0.013700605744975962
0,1942,2.109481998581685,3.0704682423800067,0.07016594374124356
0,1943,0.8908032481952594,1.3931748474681678,0.046360960751110826
0,1944,0.4287816007849434,0.8152889592389769,0.011576878023843482
0,1945,3.39297861707253,4.67932765321541,0.09109894567005636
0,1946,0.14728953805172315,0.2672671087825969,0.012214520457119139
0,1947,2.021558411089329,2.9262337221293047,0.06978515469815978
0,1948,1.5093953421647763,2.222165364853698,0.06551987306571706
0,1949,1.6781051358229848,2.6070561931535656,0.054206122087480824
0,1950,2.950441454826913,3.923782965697646,0.09720484134075102
0,1951,2.2552607992625773,3.2235521206850963,0.07452934411494494
0,1952,3.4143799598900477,4.649368456020489,0.09506230946521763
0,1953,3.65116516570309,4.99321506444801,0.09385304578910572
0,1954,0.9359465343206067,1.3659760230625069,0.07167926522757481
0,1955,3.6616907166690513,5.007609466579838,0.09316262844103913
0,1956,1.2714267687270147,1.9736682979657727,0.04980023976140059
0,1957,3.5598431450198236,4.752670167434843,0.10170469805231867
0,1958,0.25023031465602263,0.4696103165462343,0.009404768288760018
0,1959,2.104208560064428,3.1147041962535607,0.06677534154283861
0,1960,2.4499614280763766,3.3525787963150413,0.08759036703304675
0,1961,2.3841239102898815,3.212293268601104,0.09822933218789466
0,1962,2.2501087099025425,3.1428148828530076,0.08314942563765257
0,1963,0.34877729252400735,0.6527791218185814,0.011998257577663651
0,1964,1.6565002191917273,2.3817786935405376,0.06985017797767226
0,1965,1.9788422305502023,2.817699263066049,0.07253713660104981
0,1966,0.3669510874404662,0.7076913829208993,0.009174797107588444
0,1967,1.0895576405986647,1.744589317387148,0.043705294367203516
0,1968,0.3086311574608956,0.532190906134493,0.02035070657573032
0,1969,3.028487805706518,4.016731194937066,0.0996559048973841
0,1970,2.2941384758433037,3.3151561491581805,0.07251712475420481
0,1971,0.7942068814937449,1.1935287772168568,0.06185320911800356
0,1972,5.350397056269926,6.791954812363379,0.12175459464862919
0,1973,3.620032954207479,4.897691643927766,0.09521847720246344
0,1974,2.4968276828632403,3.5314247890220414,0.08049286563492358
0,1975,2.0807887597184256,2.9954211815726794,0.071482827147898
0,1976,0.5693622754352369,0.8878191413566406,0.04429014936140856
0,1977,2.564663554488766,3.643784285066006,0.07778028509336181
0,1978,1.0279710873224848,1.478739157699189,0.07783533353562681
0,1979,1.7497652469416232,2.524251503784636,0.06964066267172873
0,1980,0.39198051384262095,0.7025105313023595,0.018348221818107708
0,1981,0.05371655525203258,0.09950180704403354,0.00836662905840586
0,1982,1.8851700958765196,2.643336330087729,0.0813783340577885
0,1983,2.0543228963439732,3.006886027050955,0.06835202352588969
0,1984,1.3589147170890106,2.0460064279767125,0.05971704084604806
0,1985,5.053500795090076,6.310462921787607,0.12668461683047186
0,1986,2.59942659871057,3.506518172218946,0.09615408590288133
0,1987,0.2910991348986951,0.5213147906028919,0.01541115095858718
0,1988,1.9900208894204363,2.9238854408803054,0.06526403656730363
0,1989,0.5863091419443094,1.0040544055796299,0.02662347827685241
0,1990,2.282848445536644,3.366234148503186,0.06874342745030664
0,1991,0.940345121275551,1.46456050497514,0.04737539874576546
0,1992,0.39124437699565107,0.6923995882357247,0.01761177259793708
0,1993,2.2990475460022286,3.322250025266956,0.07220848056171458
0,1994,1.1707502472052018,1.7494733807668639,0.05842463777606925
0,1995,0.3520240865058303,0.6588558916359121,0.010882544077547298
0,1996,2.501165175715174,3.477555859283131,0.0813860429034012
0,1997,2.135537028839036,2.9335534975104656,0.08544938040514788
0,1998,1.7357745963793973,2.6135242502303417,0.0608100186280984
0,1999,4.570648851541596,5.777114538242932,0.12654490023899762
0,2000,0.8179279845974409,1.3548500358362516,0.033832748600010294
0,2001,0.44119335684851974,0.7912067532816788,0.017039567758344993
0,2002,4.081854432701688,5.478852741219914,0.09865452980670877
0,2003,1.7052112069597907,2.5480167460318714,0.0588884398933037
0,2004,0.21095189141966472,0.4112803062930156,0.005052556802329503
0,2005,0.2985436180539544,0.5006066766148626,0.028980772130703027
0,2006,0.9522492124709352,1.4701391350428472,0.047998084068958176
0,2007,1.299081515443874,1.970765708088149,0.05608887306251601
0,2008,1.7243579675554443,2.5915206448810153,0.05838343265371847
0,2009,4.138049923745874,5.614327193838996,0.09951357257502977
0,2010,4.837705289956451,6.355921311804489,0.11549058169154508
0,2011,0.40608097141248595,0.6545069774530654,0.037214510900838396
0,2012,0.40626719041892717,0.6935006817342196,0.023589921500926606
0,2013,0.11621732622889905,0.19850785535992072,0.022858592143695334
0,2014,1.76036026463386,2.5818617214629946,0.06535610967644802
0,2015,0.9429553495277391,1.552426490076156,0.037312031556151315
0,2016,3.790321618095013,5.067061531558597,0.10099235646343564
0,2017,0.1471977092212645,0.2489640267075709,0.025149912958286696
0,2018,0.29283514273495187,0.505640805467805,0.019214482964341965
0,2019,4.320861581440717,5.401076976800897,0.11194328030878484
0,2020,0.6709719087280381,1.0594293295705866,0.042242809805515265
0,2021,0.48464816105236963,0.874968827671728,0.016893794567976128
0,2022,2.432621720337855,3.475173886196936,0.07610252480123683
0,2023,0.2450070061199639,0.4359215563433126,0.015897287588005606
0,2024,0.9636708389112061,1.5903524887553033,0.036638302729549745
0,2025,2.6988874439569948,3.7814082319177666,0.0813365334869055
0,2026,0.39769805589571294,0.7030275310672602,0.02064433455393234
0,2027,0.7243220480540387,1.1258034118325628,0.04727078227150086
0,2028,0.34329936248402865,0.5612019518451488,0.03354544674654271
0,2029,0.1593264669829902,0.28110465830756864,0.01400846684127616
0,2030,4.886860251025499,6.071553645213498,0.13643553983512025
0,2031,2.1504114011688378,2.969615744471252,0.08254984503803268
0,2032,0.5316828877542564,0.8377096661709508,0.0444708799882775
0,2033,1.0904653391318464,1.5823600301532774,0.0680254479550864
0,2034,2.429008895148438,3.3612231197729736,0.08696817650694354
0,2035,3.573921829887312,4.709386577924428,0.09857611274341024
0,2036,2.8878453921020895,3.885739611362499,0.09565976425505414
0,2037,4.521164211661769,5.95645443758614,0.0993473925249869
0,2038,4.01031485968131,5.1947083674628365,0.11071669780148612
0,2039,0.4268877529650315,0.7769357103963572,0.01568097662373655
0,2040,0.2638128596808663,0.4261592348690917,0.03639714117003103
0,2041,1.1245921197146223,1.811468743731937,0.04289427783908263
0,2042,1.200709227302948,1.9688648199253316,0.040430187067133895
0,2043,0.14070891906187258,0.2696920948685891,0.00512823812312218
0,2044,3.6240793902975277,4.978131030628472,0.09314698929041565
0,2045,0.1634158692227828,0.283392077006598,0.01964378505993472
0,2046,0.17249838258933228,0.2803098717076649,0.030206553906740024
0,2047,0.2318471889225339,0.4368821179016458,0.007939037169086853
0,2048,3.475097035127756,4.440401767107688,0.11670556464998076
0,2049,1.9477441668533841,2.7584268741383067,0.07627451178130101
0,2050,2.036482449519056,2.8489089586357,0.08005774632125151
0,2051,2.209838536836834,3.2896460037002857,0.06719239012772005
0,2052,0.42543083995789926,0.6970914967984855,0.03263440278272984
0,2053,0.9106295290753353,1.4409373136545014,0.043467868795994145
0,2054,2.0796223371053197,2.993742045723043,0.07097518425248418
0,2055,2.460951660516111,3.5350686836143024,0.07488750554913874
0,2056,1.2076242463366813,1.8358680739106774,0.05482618549445251
0,2057,1.7229435021592303,2.4384828801051404,0.07781632006746045
0,2058,2.7266885681960784,3.7419449499712143,0.08682235211316552
0,2059,3.674415654726953,5.017750410218527,0.09327318243587576
0,2060,4.873664301137298,6.472016571940389,0.11451985797938877
0,2061,4.222358287402685,5.391626736221891,0.12022764858853494
0,2062,2.868841798594658,4.089288309599017,0.07986701755830536
0,2063,0.0357801674945383,0.07026395210883968,0.00695099080107178
0,2064,2.7908270545949803,3.9132248917690475,0.08253224347518393
0,2065,1.188683080480448,1.7666063461284005,0.06024194200226614
0,2066,3.9824840631931324,5.152595360110701,0.11109115525541031
0,2067,0.4478511445355728,0.7509699069956253,0.02979992807730539
0,2068,0.8194037601771844,1.2453085394783197,0.05372078739806423
0,2069,0.4056187326680009,0.7878925023047497,0.009881897413747344
0,2070,0.5464341820337346,0.8378657457850598,0.04791487339122939
0,2071,0.49656765090687965,0.8010109130700259,0.03653678250439842
0,2072,0.31366015208361825,0.5867791960747962,0.01072765058646634
0,2073,3.5811791220582756,4.74365611455887,0.09918799718252298
0,2074,3.4983911803386145,4.848313864056232,0.0900035275084239
0,2075,0.8664368230615238,1.366700941138713,0.04256649554825234
0,2076,4.586238511554672,6.049931653540203,0.10005303250952798
0,2077,3.877952908952192,4.905610429824522,0.10947143177413053
0,2078,0.6051631619556723,0.9599139810331359,0.04066559424135737
0,2079,2.6473783151461987,3.7674229869388225,0.07760204505274391
0,2080,3.7290128489477556,4.746016353206236,0.10736542766616232
0,2081,0.3008430700589983,0.48775740352760666,0.032641340294939744
0,2082,0.2575440541578176,0.4582277327223508,0.016621250355826518
0,2083,2.2998602573316185,3.334797373130845,0.07300605911646266
0,2084,0.3954754539471892,0.7321640160914175,0.013667569464731879
0,2085,0.23297333732790312,0.42456325289361313,0.01328636018551077
0,2086,2.096176944264227,2.971503580330608,0.07442797030548222
0,2087,1.2595036297326256,1.9326866042448911,0.052331470341235226
0,2088,0.18351622504833348,0.3142715353952711,0.023710069007654426
0,2089,0.37372372165140677,0.6826686648832363,0.014136379784612244
0,2090,2.1617964092314392,3.1333903010208495,0.07085864538484866
0,2091,0.49932977276180635,0.9075656004927428,0.017008146201392862
0,2092,0.410362310571337,0.6604647838781281,0.037311282182346125
0,2093,2.07529042744083,2.9614955288885363,0.0752089753026483
0,2094,0.46700672968211454,0.855656625524948,0.01573969315117959
0,2095,0.8470558915359372,1.3282237352486586,0.04395085528999759
0,2096,0.42482040741383864,0.7267367975884539,0.02441816423830767
0,2097,0.20241140213302267,0.36678576225447046,0.010508582430772183
0,2098,0.6111912983313854,0.9750797591876438,0.04030027272384633
0,2099,4.908588199205439,6.406999333699731,0.11938866147138752
0,2100,2.8010734549366476,3.8035629019666066,0.08944585361672852
0,2101,0.26215268280607806,0.48090260355816955,0.011430736154242982
0,2102,1.22960006695936,1.9615048687208838,0.04482424838487204
0,2103,0.2869413140966734,0.5616723595083821,0.006246363026109025
0,2104,2.9712846832127013,3.977188352008669,0.0979597804889038
0,2105,2.1137629328238714,3.029726870380882,0.07348259178954904
0,2106,1.8426122331655137,2.577696900651756,0.07643588144344195
0,2107,2.3841542645787115,3.3583248242990456,0.07889157540066404
0,2108,0.6401942905955741,1.1091264142802302,0.02511412564255789
0,2109,1.0234627502008589,1.6179291380420757,0.043720496433365404
0,2110,0.33648077378774316,0.5635536886138275,0.027313413413009656
0,2111,2.2171427489921443,3.134992166585666,0.07737877964438217
0,2112,0.6502984923011355,1.148579155233174,0.023804884931053177
0,2113,1.5736325283177521,2.4244919767686293,0.056019086120477325
0,2114,0.48830249734750275,0.8513992261443636,0.022524854203835636
0,2115,0.2659787546274862,0.5223205978554257,0.005779883756707943
0,2116,3.1850958271886474,4.291497535580494,0.09321117570236354
0,2117,0.9381401554676955,1.4932526734959175,0.04383002925299135
0,2118,0.16334563412661973,0.2715867169816088,0.028965337071339494
0,2119,1.7521542321698247,2.65326212300002,0.0604584204366483
0,2120,0.7247343638883694,1.1140202507769794,0.050139298982011436
0,2121,0.19549783846865817,0.32742889510394896,0.024880991859170233
0,2122,0.5284358814378052,0.8764302423846524,0.03144368270758327
0,2123,0.7342390518222124,1.2358930623839726,0.03065406611101488
0,2124,0.2768356527703539,0.4683571735548754,0.02315984185099053
0,2125,0.7250766530546783,1.1251189443951906,0.04803016383355528
0,2126,0.5325856247395445,0.9693058370259712,0.017674232926446508
0,2127,1.6367247442758504,2.5364447791409384,0.0564861741495015
0,2128,2.8350352465417887,4.018896118724075,0.08081730963325676
0,2129,3.341802197081155,4.415334509096861,0.09846003703016237
0,2130,1.2872453340500372,1.9786799706254858,0.05302202045114203
0,2131,0.28146785579826394,0.5568608657879325,0.005908199108545724
0,2132,0.4006554675532102,0.6410487480851366,0.039903232947898735
0,2133,0.9915890007018473,1.5972301867592626,0.04050765730713707
0,2134,4.21427552538596,5.353850029699511,0.12194157713751196
0,2135,0.5348562637212556,0.9130030488999775,0.025263450301670203
0,2136,0.7437326385770249,1.2074718132191697,0.039392300015419796
0,2137,3.786321268906243,4.969546665439443,0.09965634267917266
0,2138,4.163780851876162,5.464962368087463,0.10931515316443277
0,2139,2.00894232777454,2.944926821396768,0.06897044066754154
0,2140,1.7008880540272446,2.5806577371447847,0.059222351255311334
0,2141,0.2555864990478402,0.5111729980956804,0.005213630047651878
0,2142,1.1907598291415764,1.9340826315754087,0.04284411385633457
0,2143,4.030234581976862,5.324152000401013,0.10139055192877626
0,2144,1.0275487111498054,1.5470958122929657,0.05561450573945696
0,2145,1.3927204448236927,1.994977934477182,0.07263403540548309
0,2146,0.1925647721882116,0.3339414403770252,0.019328759932641274
0,2147,5.18935103609341,6.55356187547879,0.12503992422679902
0,2148,2.1401332848727206,2.955422155300425,0.08241643018867312
0,2149,4.573924397660201,5.78125469551975,0.12577849910827324
0,2150,1.8490305169383507,2.7423823397287888,0.06372487351387286
0,2151,1.936966589699641,2.8780915993842138,0.06447909462027336
0,2152,0.4632268239818091,0.7024758429614248,0.05315498572020303
0,2153,0.6538447816757132,1.0615362337793932,0.03759437482231141
0,2154,1.5744510436514707,2.397870842342757,0.057488802023815226
0,2155,2.0705406167355105,2.9388318431084666,0.07533157006561873
0,2156,0.17458791525678852,0.29529067148370397,0.026991500381459633
0,2157,0.36596122981072715,0.6445639725053453,0.018933318105736462
0,2158,0.2615568413652243,0.4657399239793671,0.017091695904015596
0,2159,1.0320344733943065,1.6330427843709914,0.0456582415462957
0,2160,2.010811367312035,2.9106772278218416,0.07063427851226714
0,2161,4.2434928239865375,5.688086125769188,0.10322015375462285
0,2162,0.30722592873713495,0.605673973796066,0.006653768663695167
0,2163,0.2966339604799407,0.593267920959881,0.006173648648836342
0,2164,0.4364276775969658,0.7658070569154304,0.01953907127476378
0,2165,1.7412819983560006,2.5732278420149783,0.06352131338610374
0,2166,0.42151022562799656,0.7648596147157023,0.016968641852789207
0,2167,1.9894054821656,2.848219870641459,0.07183315183872616
0,2168,0.21472270712411376,0.35700883835093605,0.03328262097436488
0,2169,2.059254464389628,2.94822223863433,0.07221989252258904
0,2170,0.0745736449871717,0.14644534631538791,0.0051112934981154675
0,2171,0.25801326114118356,0.48951831052128664,0.007858246437657602
0,2172,3.4755241986240675,4.873500412595761,0.08860242376510724
0,2173,1.1165834293133985,1.629113528014631,0.07004300018252882
0,2174,1.0053683882787297,1.6291813038974599,0.04112070412765384
0,2175,1.6371232844933017,2.428092961270964,0.06338881692642918
0,2176,4.895543029824314,6.113216169222239,0.1339975393221506
0,2177,1.057568075030138,1.7346695864823605,0.039940614993021484
0,2178,4.8052033661978335,6.049190024452095,0.12884612365019768
0,2179,0.13434549997952872,0.26382340938008914,0.004520839609272494
0,2180,3.819916433323573,5.14140103728416,0.09818353029495784
0,2181,4.6961149379601945,6.186945076995175,0.11627193439636951
0,2182,3.6186345528111787,4.908254313653461,0.09732493268397738
0,2183,0.5767550661924511,0.9908356265357494,0.024270844558460767
0,2184,1.9839534658516327,2.877822609806764,0.06837546061200256
0,2185,2.1419231166286297,3.1351053438921825,0.06827088780323719
0,2186,1.0483781005898216,1.5725671508847325,0.05600477226388143
0,2187,0.6336101747823173,1.098792328419968,0.025951775826895805
0,2188,0.2892379901687559,0.5127400734809765,0.018620901273981742
0,2189,2.946392133568126,4.183551261475182,0.08140793427490578
0,2190,0.9690219231655044,1.445502316324233,0.0584077568809234
0,2191,0.8004456831601009,1.225541130714053,0.04954852679592931
0,2192,0.2454656247589725,0.4203598823997403,0.023216180854085215
0,2193,1.528571897689416,2.318913049335648,0.058320732264611874
0,2194,2.2258918686061664,3.1573792266641822,0.07561079738417581
0,2195,0.4364109359916516,0.8050012535521681,0.016131208121727744
0,2196,4.302856966313585,5.721884263714875,0.1076824101909608
0,2197,2.6644023595793014,3.8125978515527033,0.0773316256403141
0,2198,0.15609491515376428,0.31218983030752856,0.0032459348317364477
0,2199,4.856559431770845,6.240553052223674,0.12290901062905617
0,2200,2.2549831740163055,3.3435957407827974,0.06826888037990234
0,2201,0.5487517177725106,0.9367226774715468,0.024851156132081435
0,2202,1.1876923315849501,1.8017832530294413,0.05325228540936283
0,2203,1.193367330516638,1.8742886896937785,0.04664366393928069
0,2204,0.5360523730558842,0.9743114077840058,0.017102482605344606
0,2205,0.7298220027123861,1.2434004490655464,0.03038394127913728
0,2206,0.46058485464661675,0.7062301104581454,0.05586109799517764
0,2207,0.27342503414203945,0.5352149604482477,0.006011037276924455
0,2208,1.6713002555135796,2.5354384558075327,0.05952515666451027
0,2209,2.5480976781595723,3.7219404287724087,0.07243510588753327
0,2210,4.988938223254873,6.45936212063526,0.12354488064134277
0,2211,0.4466579888091702,0.8115746463330025,0.01588669233497293
0,2212,0.815096588047846,1.3980454136770015,0.029910422883267156
0,2213,0.6408046434172647,1.0330547584787417,0.036602174470841575
0,2214,1.6609780752572756,2.4773910275023763,0.062211705584854345
0,2215,3.359364122118655,4.479152162824874,0.09940799802193294
0,2216,2.0847578785965664,3.0011349680895627,0.07061197764989284
0,2217,3.004631287061514,4.079973010851951,0.09173010410373449
0,2218,0.6419143981998292,0.9953279432761393,0.04640971339765738
0,2219,2.1617654773879327,3.1001142285618153,0.07252501269794974
0,2220,0.37019743205683026,0.6162432862897236,0.029613372218445094
0,2221,0.7226914917741775,1.2441271250795964,0.028443769575290902
0,2222,0.419706647458638,0.6877120970406598,0.03338932307240963
0,2223,1.2822420864568662,2.0577298153918573,0.0451044363977644
0,2224,0.34777137446200057,0.6856064239393728,0.007391760458345721
0,2225,1.6809639449205829,2.4433683570976785,0.06758755620102996
0,2226,1.4832585057675238,2.094012008142386,0.08135000101136793
0,2227,4.9434532000841855,6.3009817990710335,0.12693060081455593
0,2228,0.5611816534779687,0.8907127406946828,0.04124624044120406
0,2229,0.46388296186942496,0.8095791818612895,0.022994329782428144
0,2230,0.7592641614530706,1.3078937490836768,0.02719682430311244
0,2231,0.95296441962114,1.5398510439000126,0.038952940880774264
0,2232,0.34844254566254784,0.5730410540112985,0.032627215131716014
0,2233,0.5385675925350998,0.8768143122370223,0.033556570610501345
0,2234,0.3188021222266562,0.6130810042820314,0.008315310620556772
0,2235,1.609077161790025,2.4935991103763544,0.055153962416752814
0,2236,0.3382904693257205,0.637458911586562,0.0103531328718737
0,2237,0.42276891932611355,0.69086628280121,0.03286742256919384
0,2238,2.5803747050063865,3.463134472508571,0.0982813722727221
0,2239,2.2335854910490145,3.0726572892737765,0.08436365945883284
0,2240,0.6254810283236532,1.0501903685434175,0.030223004864300986
0,2241,1.6489948961778318,2.436015187535433,0.06162736368126208
0,2242,1.3496025443465567,1.9065813721721196,0.08124722954762158
0,2243,4.726975552022197,6.081057090361888,0.11814208379874179
0,2244,3.1129069460102254,4.045198874003135,0.10761632292733168
0,2245,0.40108067122659746,0.7348659278178598,0.016305034552495164
0,2246,0.8160840569435917,1.298974031466427,0.04037589000559563
0,2247,3.945103208325426,5.1715601642815185,0.099698617519891
0,2248,0.3380120877555285,0.5404263030975021,0.048074313967890185
0,2249,4.595234136691464,6.0942142561469685,0.10006809248121924
0,2250,0.7108625175273797,1.146688941963809,0.038527886441495365
0,2251,2.166578198073451,2.9990003478595657,0.08327125447715021
0,2252,0.31139757324042233,0.6227951464808442,0.006481501575812588
0,2253,4.564219132305802,5.739851333051237,0.1275493406673508
0,2254,0.7142808517604117,1.2022988250128663,0.03113757314809913
0,2255,3.8505956484754624,5.161436720296896,0.09600592704972079
0,2256,4.399104741276103,5.560289749125635,0.11186860271256857
0,2257,1.7629749217055455,2.5367250262318684,0.07175767672479809
0,2258,3.1315060299146382,4.148438400453929,0.10134404260952928
0,2259,0.40044060813673693,0.7368107189715959,0.014846952852867534
0,2260,3.2164088939971633,4.379790834379117,0.09066963350912018
0,2261,0.5719174377454866,0.9954259201266384,0.025646396920556997
0,2262,0.485316060670963,0.7782287126735562,0.03819385465523855
0,2263,3.769682260511854,5.013085309790633,0.1023203856914664
0,2264,0.1727477624241459,0.33923654794886626,0.004667454503772682
0,2265,3.6459575896160463,4.986093352285726,0.0942141632503362
0,2266,1.5923687244281381,2.430457526758738,0.056347911852993954
0,2267,1.0223299282357274,1.5392383189167127,0.05644964239850888
0,2268,0.43051444044550247,0.7465883334308081,0.024009432035905446
0,2269,0.6356301546557404,1.0439743752224584,0.03352833884625879
0,2270,1.026348771505762,1.614548652251755,0.04568765644005714
0,2271,0.5445474855622857,0.9131131617660279,0.03060994743703285
0,2272,3.6272681444865364,4.919964770447164,0.0966406072822591
0,2273,0.19098473998430804,0.37384246975651775,0.0047075241244393055
0,2274,0.5980504935133353,1.0306027372493953,0.026474602359516947
0,2275,5.637764620299135,7.2021705097015145,0.12148858578657713
0,2276,0.3234019782069548,0.5276558591797684,0.037623256467024566
0,2277,3.6898344899862443,5.0460979781974045,0.09306887638594379
0,2278,1.6818253944931771,2.5514055700549907,0.059116961468750784
0,2279,0.8386917396833257,1.3578818642491934,0.03937495226229258
0,2280,3.4410804434094078,4.768888657985862,0.09112109731369591
0,2281,0.9213032941242835,1.4001728029346454,0.05345209022509206
0,2282,2.8560688018928957,3.9346905302673414,0.08576021036739868
0,2283,0.2158064954228858,0.38759982401610416,0.01599656778005876
0,2284,0.3071048931025193,0.5100134831881125,0.025354597252429476
0,2285,0.7777777307862546,1.2371669168062065,0.04237664273828127
0,2286,5.529007827395505,6.7118303974353415,0.13523266573944637
0,2287,0.6595977419272464,1.035415060002073,0.04354793310345805
0,2288,1.8460839631827664,2.525213296788862,0.08956837311764505
0,2289,0.3448667772118007,0.6235008621114012,0.017095915518376668
0,2290,3.425013071034551,4.720963962777358,0.09156714005571533
0,2291,0.39880774343754766,0.6720649009780895,0.027227005493579884
0,2292,1.2389149694827635,1.7910401189261682,0.07126805227341537
0,2293,0.4341130838885277,0.8036958444963284,0.013744068296053357
0,2294,0.2976455825391704,0.5570799078604743,0.010352819021941094
0,2295,3.702316621147623,5.110806640062479,0.09311206245986171
0,2296,3.904659669254086,5.31877965757854,0.09502352237007515
0,2297,1.1896438258874302,1.7945474661691743,0.05583780961226432
0,2298,0.1222816398373013,0.20908650762303987,0.024933503532420832
0,2299,4.6921452615971635,6.181715185913722,0.11654326075893164
0,2300,0.24660765442157884,0.4827213661018139,0.0055817913106910545
0,2301,2.701356004069029,3.808469120490763,0.08007032356922998
0,2302,1.7399626346227484,2.6399433077034806,0.05938025074856466
0,2303,0.342414448971903,0.5981135504768954,0.018873972031283257
0,2304,1.0720493217076603,1.729317655849857,0.042181283421842033
0,2305,1.7858631023256073,2.525172021030294,0.07602749077155156
0,2306,0.4114159065048056,0.7319997297553033,0.020359853934415344
0,2307,0.41396544729389834,0.7152694120964191,0.022977046862293637
0,2308,0.9191570022532718,1.504075094596263,0.03769928941859906
0,2309,0.5139134058380048,0.934072338989347,0.017027871827579918
0,2310,4.356660231987417,5.585461835881303,0.10554402977446256
0,2311,2.6621487216131543,3.6871471598813197,0.08666985766916736
0,2312,0.1884953148585354,0.339787607047623,0.013049079676066097
0,2313,3.6654261760930513,4.985767863180334,0.09388376789108105
0,2314,4.068078342700748,5.402580232898877,0.10263355579370197
0,2315,2.2180123588257556,3.048284364803311,0.08880918211928411
0,2316,0.5007804294822858,0.8566809862841616,0.02619414147694962
0,2317,1.173929199423785,1.7256117740163837,0.06214591269410647
0,2318,0.43292312561884366,0.7625033115738343,0.020661193076479817
0,2319,4.385592161960618,5.680818862643286,0.10266110409534666
0,2320,2.904216633806564,4.101009202682895,0.08308820360601629
0,2321,4.977310009206934,6.410566818140866,0.1240008683730177
0,2322,3.2815247416052764,4.540920723518654,0.08733445625449748
0,2323,0.2534724641741948,0.5014742996252055,0.005349793939600752
0,2324,1.5252051699100635,2.245440944589816,0.06400421853840783
0,2325,0.7137150566455034,1.1539105706244666,0.037355808509589854
0,2326,0.7455214433079533,1.2097982702781758,0.03666292054007962
0,2327,3.590190566748864,4.780622175723487,0.09845159027999607
0,2328,3.142509539068623,4.168302808298276,0.09925483008610786
0,2329,3.711636444568866,5.183849782917414,0.09119155395805008
0,2330,1.6235240910780757,2.2971138735466394,0.07498967080173814
0,2331,0.9053830311397463,1.3480147352525114,0.06166539502454846
0,2332,0.12776885132113833,0.24320139975609778,0.00532760285408865
0,2333,4.10227859301126,5.506266988480353,0.10074552487144259
0,2334,1.8617713472054664,2.63250464685504,0.07367748490202894
0,2335,3.3884767215401252,4.547692442067012,0.09381994102007647
0,2336,0.7070778366435551,1.1755711271803895,0.032786320806433684
0,2337,5.5312322803295855,6.714530728360292,0.13437333965076773
0,2338,1.4746966602254932,2.2415389235427496,0.056030361245380814
0,2339,4.047790258379355,5.375636798165178,0.10433405483486566
0,2340,0.18734943604085347,0.36141167803625596,0.007065306447120347
0,2341,3.920043687371285,5.339735184959807,0.09453560476625898
0,2342,2.3195377248879567,3.295518079075785,0.07613114998514073
0,2343,0.4977946710116774,0.8409947236967468,0.028000210711788903
0,2344,3.5792255617765316,4.863078208935506,0.09492783905000848
0,2345,0.22249918358296905,0.39846259020740854,0.014766832806065167
0,2346,0.33642028476520225,0.5474294574581692,0.03582334011806672
0,2347,0.5409118497686743,0.9311900198549332,0.02496542825749084
0,2348,1.1722286398348853,1.9039834877318136,0.04285003216207487
0,2349,1.927733186908414,2.700888208395745,0.07938027820609514
0,2350,0.8932092428860009,1.359885982146664,0.05182081788202556
0,2351,5.214254800074588,6.653606385511844,0.12273238352170149
0,2352,1.5153552950889173,2.2946808754203603,0.05735243858127551
0,2353,1.3209439081744292,2.0153829913289867,0.054881373450754556
0,2354,0.6215702584756004,0.990046040446166,0.03817409437202152
0,2355,0.4582341230352708,0.7867793433247099,0.024597057905820615
0,2356,4.550849738941803,5.940056501355618,0.10163335010591511
0,2357,0.032260678684912586,0.06314856253216931,0.0018221002353799253
0,2358,0.539383846422322,0.9447806227142579,0.023301847691324443
0,2359,0.43013698701521674,0.754768675328588,0.019714472029925312
0,2360,0.6744908189885971,1.1478912074712768,0.02888922004191514
0,2361,0.7833348386671044,1.291315612833045,0.03471640667199367
0,2362,1.4583274956593753,2.171105541290643,0.05958460877186526
0,2363,0.08168840741945708,0.14334997947156342,0.02351363549592546
0,2364,1.2446671775008942,1.7743127849480835,0.0808384188258081
0,2365,0.1359587671808859,0.2699612931073706,0.0026741310523158814
0,2366,0.11637534138909715,0.22367175543578247,0.004289885139400494
0,2367,0.7194138176296954,1.1099527472001014,0.049007391347350264
0,2368,0.2937225111267913,0.5749461919928683,0.00636545583281128
0,2369,1.782751651855243,2.7265613498962544,0.0574527103463288
0,2370,1.806264692388368,2.5817805114029393,0.07299837378142747
0,2371,0.2017800202945246,0.36614387788542874,0.012564650422774068
0,2372,3.215418115264172,4.372288124988848,0.09269899276275217
0,2373,4.736921123727142,6.03102844103404,0.12197659279442931
0,2374,0.698870777049312,1.124809771345638,0.03781811165812992
0,2375,1.3567808961579995,1.9829874636155373,0.06407304721252828
0,2376,1.1884054646810969,1.8372475287311214,0.05074883774926267
0,2377,1.528518632519389,2.218013450449331,0.06798872631294332
0,2378,0.14256802171855196,0.27308804160173333,0.00772419021787717
0,2379,0.25783776582185636,0.4281669565769009,0.027955857356250554
0,2380,2.0324511429802667,2.9583455525601647,0.06938800291240128
0,2381,0.5626745764900807,0.991033286334142,0.022705187370406336
0,2382,0.95304807358038,1.5786685881392801,0.03618454456436471
0,2383,0.16377667910361232,0.3240186097373626,0.0035987626310316854
0,2384,3.651543253398888,4.959850194456245,0.09393195304736618
0,2385,1.2701392704175263,1.9602727468293613,0.05087177150352468
0,2386,5.283827157747137,6.5052143399399425,0.13240593134894804
0,2387,1.1340652213152225,1.6915944921294104,0.05832038772707283
0,2388,3.0596944278098572,4.373461526756462,0.0808618355774963
0,2389,0.4585147722317689,0.8325662969471592,0.01771473405140782
0,2390,0.2826564018777106,0.5473979613828902,0.00680421779612186
0,2391,3.778143375139152,4.93311984733195,0.10010370239582796
0,2392,1.7361718014707428,2.565676106617875,0.06387329016676335
0,2393,1.193172863388314,1.789759295082471,0.056359824086708345
0,2394,2.3112365228144327,3.1703872721328863,0.08629396136872115
0,2395,2.680575208528687,3.7586326293500063,0.08109671840798496
0,2396,0.43489477293712053,0.715041712559192,0.03100099559073417
0,2397,1.6661430967000315,2.5134958715931903,0.06044008566430899
0,2398,3.6577543140376574,5.014663172470981,0.09547263323216697
0,2399,0.23643693088944973,0.47287386177889945,0.004869953025875727
0,2400,1.436377499538388,2.1586238128655997,0.057618696538310754
0,2401,2.6497296060317153,3.5057960941342694,0.10137339762476026
0,2402,0.42265849098242075,0.7009945704098689,0.029899736657083134
0,2403,0.5400935753125043,0.9477771128064588,0.021693136142649606
0,2404,0.6110440451271465,0.9355533120308289,0.05425970381520397
0,2405,2.3409833697625233,3.272342344829334,0.07911542022382004
0,2406,0.10978446916581311,0.2156480644328472,0.0027853000722449024
0,2407,1.0300706558975286,1.628375168604476,0.043399859541255505
0,2408,2.002631563855635,2.975661589231819,0.06618998988610897
0,2409,0.6774721129411502,1.1126966218609193,0.03362206727011057
0,2410,0.6811790828885832,1.158438312937909,0.02780248984080152
0,2411,2.767506996126865,3.657062816310501,0.09685260859591348
0,2412,1.829825608735498,2.6927547310368976,0.0669559998504164
0,2413,0.4357889401995701,0.7633245767826865,0.021255801507836604
0,2414,0.8037204064535408,1.2382901611057462,0.04910364181838097
0,2415,3.7297626131871806,4.908599501292973,0.10634999251783367
0,2416,0.3433827598234481,0.608028071534513,0.01740937854509194
0,2417,0.2510398619674602,0.47941640306285804,0.00758741337260273
0,2418,0.17608130454381385,0.33246120438342486,0.00664781126311552
0,2419,0.8046843130200788,1.3329126657387809,0.034208463583217545
0,2420,3.409065324989894,4.698981934445529,0.09258159836964838
0,2421,1.2294925077573162,1.8758542832640193,0.05284298916218848
0,2422,1.9163910445490837,2.907627791729645,0.06048825671753168
0,2423,2.9221853197322947,3.831640954955099,0.11411574960298397
0,2424,2.913827993333839,4.085693599348535,0.08297021810544657
0,2425,0.08584378529267316,0.15329247373691643,0.014319788309238635
0,2426,1.9661666530645634,2.8498370589362785,0.07145210992508065
0,2427,4.0906381494041755,5.4906426497350145,0.09808299868456924
0,2428,0.9974794529967332,1.6067184003360557,0.040311417923869636
0,2429,1.1767648406758593,1.768509446272862,0.05776882268671747
0,2430,1.5338171447701425,2.3268703275774314,0.058054583743047394
0,2431,2.9544591987186917,3.92912615087331,0.09635301547116688
0,2432,3.6014502919175593,4.9200140599966655,0.09395998945347364
0,2433,2.634557927304481,3.5676305265581525,0.0908625640135951
0,2434,0.6903745000714502,1.0413470112809584,0.06016895377406134
0,2435,3.2770241755326968,4.375175893929294,0.09815124019385822
0,2436,0.7449208877901864,1.2831863034837405,0.027294316464943593
0,2437,0.26523998900320134,0.5065347012213913,0.007654651105144905
0,2438,0.8494598925628309,1.3947921692698333,0.03588471176047304
0,2439,1.067971166332608,1.693587411699047,0.0452153668980244
0,2440,2.1078680366599762,3.0045853782225063,0.07366463469352978
0,2441,1.167450442504789,1.7511756637571834,0.058316763953390874
0,2442,0.21798477839257024,0.3719365281323229,0.023631590025166953
0,2443,0.9624193614317971,1.5410167156259131,0.04137212615563999
0,2444,0.26393902048854906,0.45246689226608405,0.02345618075457373
0,2445,0.2117436872983876,0.41891736695724185,0.004525299560200651
0,2446,3.257980744702768,4.484102530343595,0.08840089257105177
0,2447,2.4126218014389136,3.435363652048886,0.07750573804191474
0,2448,0.7723472920728449,1.2285290259872155,0.04283081041516602
0,2449,0.6604553636328107,1.0712263824776076,0.03524519797028486
0,2450,0.5108729421663564,0.8948624085005455,0.02079239812598624
0,2451,0.18603324960830045,0.3346182476720728,0.015146982060548805
0,2452,0.3441424193451229,0.6391216359266568,0.013134064041988747
0,2453,3.142093791228628,4.194941972582724,0.09920380834985959
0,2454,1.5180227808125597,2.289898771056234,0.05857729262345334
0,2455,0.7369980729477172,1.2328794924001936,0.03200588546179485
0,2456,0.27004151827723744,0.52842656813963,0.007390375673505848
0,2457,1.1414553091448252,1.8428314629567062,0.04331909834041135
0,2458,2.7568649021131844,3.8955699703773266,0.08120775592906987
0,2459,0.28659128362443986,0.49485948352543013,0.019550914298951
0,2460,0.47864227650005736,0.8743198917401046,0.016824616960707542
0,2461,0.25817737755648174,0.5070005023029458,0.005669537115410368
0,2462,0.4612429092541338,0.7792426789883501,0.027726096931023875
0,2463,0.5800243284305351,0.9246270176745589,0.03990720071760263
0,2464,0.4081220111621844,0.7477671748139352,0.01623826286046159
0,2465,1.1713351381544357,1.766929276199064,0.054368200249580466
0,2466,1.2500312071995765,1.9940974019612283,0.045708826257373644
0,2467,1.5594615086993446,2.274573692246558,0.06651997976508514
0,2468,1.6661677108619612,2.452969129880109,0.06365976265157255
0,2469,1.1659171731014264,1.7587564136614733,0.05489123034723209
0,2470,3.740300227813284,4.808957435759939,0.10954781153558882
0,2471,2.478366618920914,3.488570403807156,0.07944997564303086
0,2472,0.45868115731909215,0.7264661104360188,0.043447228941637085
0,2473,0.20646990184929256,0.37852815339036977,0.012238869054934268
0,2474,1.1054071377565418,1.7352321348503854,0.04695758025432901
0,2475,2.7117844486312905,3.844177954653148,0.07976978715307317
0,2476,0.6997762862060434,1.1648715008185961,0.032887657421786426
0,2477,0.32028799155050625,0.5113369689665977,0.04243799055162969
0,2478,3.3152211785518095,4.644952750168745,0.08868866955787438
0,2479,0.9997140520250366,1.4585991906594793,0.07083279877745488
0,2480,1.2482647531469544,1.7794412438477851,0.07859524328654122
0,2481,5.139361104021563,6.68116943522803,0.11723642960584295
0,2482,1.8585008531254466,2.6420849966053646,0.07495489253090674
0,2483,0.5502888024616178,0.9692183424001397,0.02286264463889033
0,2484,1.6870813581657753,2.3690929710413027,0.07949349964333761
0,2485,0.8896651540620738,1.31005638070679,0.07070366601475286
0,2486,2.4382323434626585,3.4831890620895107,0.07575746277413263
0,2487,4.034431245870524,5.329696014281587,0.10098082989435112
0,2488,0.8229904586461958,1.368345581845482,0.03665903987672255
0,2489,0.714288369372249,1.1801286102671944,0.03286348675386477
0,2490,1.7141382264392615,2.56636514127912,0.06157019454303148
0,2491,3.3643863348408147,4.6145408199182745,0.09239910395130956
0,2492,0.2325826832638964,0.4088714686677415,0.018444863081170635
0,2493,3.4939674602573523,4.545722971253187,0.1127776244379196
0,2494,2.197886791269591,3.2718542006399605,0.06762154990759103
0,2495,2.9649539936141496,4.096737507305571,0.08825075977253019
0,2496,0.13655233883180012,0.24071726396631435,0.01679048562525624
0,2497,0.5127987726230235,0.875898524666655,0.027029229483920825
0,2498,0.16123695287809106,0.28036744035489725,0.01949816513287485
0,2499,4.559579087120769,5.982939754528839,0.10147154128960038
0,2500,0.45439701219965806,0.7856670920613446,0.021837122475870795
0,2501,1.9228565030091131,2.679725552065891,0.0801035241735249
0,2502,0.2894977656590104,0.5192282506658381,0.014360518457863123
0,2503,2.7011593050468083,3.755622563166687,0.08422956214939921
0,2504,1.797948797239905,2.4757096003879333,0.0889781617483638
0,2505,3.026278917325814,4.165201090512949,0.08724608248615731
0,2506,2.665168179825857,3.7370292956253874,0.08229645046009587
0,2507,0.5210555028421243,0.9733606268370237,0.014413759511659479
0,2508,3.8836577240486845,5.261729819678863,0.09574472463713984
0,2509,0.03079146665795189,0.05984820279996287,0.0023130379932398723
0,2510,0.14463021047136346,0.2799627645552821,0.004221060750664883
0,2511,0.47375803955403717,0.8680264751560547,0.015752886701586276
0,2512,0.3385463018590287,0.5621920406628719,0.0284901084406044
0,2513,0.330596082471527,0.6447795934728365,0.007588686140668455
0,2514,1.7158680676287916,2.368255405841821,0.08577944952772627
0,2515,0.039709653373805505,0.07378482890403056,0.0048124155367427965
0,2516,2.948302072632579,4.179461179885744,0.08241808962164457
0,2517,1.444188591496366,2.0575805201426727,0.07409517801715133
0,2518,1.8222663121597744,2.80348663409196,0.05680252430934564
0,2519,0.15397089434164565,0.2982513128156353,0.003977940119600022
0,2520,2.4269884443557213,3.448180303456216,0.07604654113965639
0,2521,0.774313034963441,1.2154913920937733,0.04329613837073811
0,2522,0.7680381174777038,1.2543107717387352,0.03827087581384389
0,2523,0.8794976594515727,1.3956100584111784,0.04188570750852032
0,2524,1.0986548739826882,1.6510511793371123,0.05696545139112698
0,2525,0.908683231513455,1.3991656576144675,0.05015344292103207
0,2526,0.03649448538957546,0.06827199647709695,0.005324668883882182
0,2527,3.886872469808665,5.317754093309658,0.09644787370469103
0,2528,0.5156680443451745,0.8975234949045758,0.023636350415306862
0,2529,0.17806180963080587,0.346091968014806,0.004575712039344199
0,2530,0.3661137908249265,0.5853563516096209,0.03706433449996559
0,2531,2.62577115081486,3.599847545471986,0.0882663651525111
0,2532,1.0808237936469034,1.6526549867973002,0.05223099066861375
0,2533,0.4826767868095145,0.8556543038895938,0.019913906433742072
0,2534,0.7104578918174129,1.2153745067568322,0.028471892438191756
0,2535,1.5038323432156846,2.2772318340123223,0.05788274973182294
0,2536,3.9414555789507024,5.021854570135159,0.1132495782175128
0,2537,2.914655441253597,3.8171629636722257,0.1077504845990429
0,2538,3.035286970115637,4.143407609999123,0.08911734160145045
0,2539,1.0105716204016308,1.5746115945792851,0.04738428082603511
0,2540,4.457774873972283,5.611818115457492,0.11062286872798624
0,2541,0.7400835221094688,1.1569121724929627,0.045348835229178236
0,2542,3.008096783365911,4.201526485462169,0.08591287298809283
0,2543,0.1573369945289964,0.3089733733141886,0.004572642841572297
0,2544,2.1383749893823922,3.1018186659173166,0.07162826489325322
0,2545,1.1551941124235041,1.7327911686352562,0.05579530098385454
0,2546,0.2530122148802632,0.49879550933537614,0.005575340362412017
0,2547,0.15186829413915764,0.29397362651222664,0.0042578189206692344
0,2548,3.7494437917077423,4.960201682780035,0.10405979100242391
0,2549,0.1802060568521692,0.332780518320339,0.008684976800938717
0,2550,2.6397784520635943,3.66162817544305,0.08372687365470755
0,2551,1.3765475050143323,2.080463842805752,0.05675009882261796
0,2552,1.6489649976412932,2.4734474964619406,0.06101354163569784
0,2553,0.08113108929466509,0.14210859589829875,0.01631479583160775
0,2554,0.5030588336183922,0.8242891731578476,0.03310611835859223
0,2555,0.3008605497515188,0.578577980291382,0.007966760469649512
0,2556,0.10275391844188471,0.19610078801232933,0.0044716322199399965
0,2557,2.427017644404164,3.4558620806189726,0.07657777368684562
0,2558,4.195031093688907,5.534805422039815,0.10604490822373884
0,2559,0.13278664346557661,0.2313327059117279,0.02069120872050016
0,2560,1.634789010031061,2.393475622421166,0.066148431049975
0,2561,1.9740564169500574,2.847819093305,0.06878584131238162
0,2562,2.3156045366854117,3.1763789979663763,0.08543861826887232
0,2563,2.892734646018678,3.912804231720002,0.09513379405334212
0,2564,0.2186653320319875,0.3816197514443604,0.01885398110873545
0,2565,1.384460595205125,2.1934526297526977,0.0485599202706818
0,2566,4.0781912825112805,5.138521015964213,0.12660678587613114
0,2567,3.057820572764145,4.317911468133985,0.08401721196441232
0,2568,1.470090608401493,2.0767946690116332,0.08171142926038719
0,2569,0.6106351202932099,1.02646639852969,0.030357825578997844
0,2570,1.7430182923703774,2.5423029236783408,0.06637065695200695
0,2571,0.11075050917410013,0.20341930256467375,0.006996303276892438
0,2572,1.5664819133708225,2.377045229010376,0.05726048981773104
0,2573,0.32199783506543656,0.6347957319861466,0.0068505130678864195
0,2574,1.1012240734075311,1.7738279984827892,0.04357060993340455
0,2575,0.367741894552616,0.6294477827004903,0.02166218105128437
0,2576,1.742231588266909,2.5695482642595753,0.06441500478547829
0,2577,0.6349589857850702,1.0557149402209602,0.03289129281884067
0,2578,0.7210997904850748,1.167494898880597,0.03672788316937021
0,2579,2.842344277757469,4.1020195826727095,0.07711416331343154
0,2580,2.5878249805893274,3.432829055883803,0.10434838185451306
0,2581,0.165035578788752,0.3240916076213897,0.0046169956277768084
0,2582,2.8562004070535965,3.940640133795872,0.08505080005831969
0,2583,1.7466834309105561,2.6299494840414632,0.060339680803661165
0,2584,2.1621552310036893,2.992878030284054,0.08419608298425026
0,2585,0.3900580068720609,0.6985352541368935,0.017104741182174293
0,2586,2.7060596960230203,3.6939862517139637,0.08922422479585765
0,2587,4.768419182496604,5.883422672931134,0.13840517146939596
0,2588,2.8027547410100717,3.7320892077660437,0.09864291077595735
0,2589,1.7311066415106755,2.5531405215576437,0.06519361881297256
0,2590,1.8569297638251279,2.6256587520753154,0.07448685887672683
0,2591,1.1257917209656603,1.7416660153762857,0.04911251421296686
0,2592,3.3025035252721198,4.386137494502035,0.09988280704008502
0,2593,0.06791766833768084,0.1262630478492456,0.00574051140965563
0,2594,5.330660542845735,6.6974965794728485,0.1234662680791966
0,2595,3.718291460528543,4.843312979355127,0.10752796767385264
0,2596,0.5724844899636173,0.9180076732552679,0.03777035775263943
0,2597,0.4374004270461305,0.7482573343179088,0.023845257067578566
0,2598,0.13019338231517588,0.23417900585262152,0.010576941651531573
0,2599,0.2674562328960981,0.5272708591380219,0.005847110440213374
0,2600,0.9219857118803966,1.3881582628311588,0.05763309941621257
0,2601,3.996919373471474,5.322213692043594,0.09693986941464519
0,2602,0.9872428333723582,1.5293704008311677,0.04902123234222577
0,2603,0.3641517708763624,0.7151096370108276,0.007937834757899614
0,2604,1.0728527063665,1.6647714409135357,0.048144572869760545
0,2605,1.0905343523771267,1.799716201162253,0.03950625322199818
0,2606,0.46437128582230786,0.7359334412739497,0.043035608214556424
0,2607,0.6845885936893771,1.1246812610611194,0.03617229786372578
0,2608,1.6017533004065394,2.254319459831426,0.08154715941186652
0,2609,3.1394828893009756,4.159005683249233,0.09955389290555598
0,2610,0.3518160550690621,0.6814898409379732,0.00810817756358943
0,2611,0.4909020854628286,0.7918718164311104,0.03739836874316541
0,2612,3.684554064774635,5.066261839065122,0.0928333967496128
0,2613,0.3080478310208196,0.5524324436306698,0.013810289259619869
0,2614,3.6100838229128476,4.870748015041143,0.0975123132540153
0,2615,0.8750914000473102,1.3787777291443084,0.04302331493618635
0,2616,3.869858812590372,5.265545597459032,0.09654937521856831
0,2617,0.3239819074496031,0.6074660764680054,0.010116948075087806
0,2618,0.4629167547347698,0.7956381722003858,0.025001302996557086
0,2619,0.8169439515969179,1.4256472880808964,0.027301608445084797
0,2620,0.9009341125099369,1.4851762339557746,0.03778456810286712
0,2621,2.273048932251913,3.1773802278790186,0.07936833284580096
0,2622,0.9349910108119517,1.4479003653145082,0.047589553065531025
0,2623,0.32193603200914583,0.516991392579393,0.04204434839738243
0,2624,3.008936245053589,4.085818690651716,0.09123931020192454
0,2625,0.724070921365625,1.1636854093376112,0.03814826061643848
0,2626,1.0843726219732785,1.8072877032887968,0.03716058294084112
0,2627,3.2647352553492017,4.59215508444723,0.08611084410883568
0,2628,0.5483981494362018,0.9322768540415431,0.0269727221567665
0,2629,3.1310148441063106,4.311561424670986,0.08949392154786473
0,2630,0.1391263783865297,0.2552185881660181,0.008686741772708307
0,2631,0.9026118460388064,1.4388694722148032,0.0417863236037217
0,2632,0.16518453235066385,0.3210628938646706,0.004527787119810295
0,2633,0.29396964109976764,0.52718555637225,0.014137371713657842
0,2634,1.290850770380914,1.900016302470784,0.06310912113640267
0,2635,3.116969628751013,4.370533501183488,0.08611612466226887
0,2636,0.26564900077110604,0.432269084094995,0.0372278168806917
0,2637,0.375400530921869,0.6689829974120485,0.01663269333480326
0,2638,1.9001639181589443,2.6202260345139132,0.08681193462840402
0,2639,0.49475907614734765,0.8603135527912478,0.023757816124235814
0,2640,1.0686138635124356,1.6946066001262299,0.04512528572661921
0,2641,1.4540018159581491,2.2394970498665745,0.05513003205693805
0,2642,1.1383044890717537,1.6374540511246083,0.07187170602580449
0,2643,2.253012109861126,3.115867811510067,0.08129996834012604
0,2644,0.5991122714800401,0.9503160168304083,0.04124414686298876
0,2645,2.696127009511452,3.801097095376801,0.0804259652868367
0,2646,1.2773160847255685,1.8668465853681386,0.06680513153981409
0,2647,0.3222009823865227,0.5854370791075381,0.01366348525132077
0,2648,0.6670860559984775,1.0819810420463112,0.03477559565613426
0,2649,0.13926209075968415,0.25931561727665337,0.006621981550210125
0,2650,0.6049094787691431,1.0168417005076391,0.03056771939809903
0,2651,1.5169159236684167,2.1764445861329453,0.07212194285305788
0,2652,0.9046529127672798,1.5039854674756028,0.03484550119671817
0,2653,0.936316338733586,1.4176993151446389,0.05426030470849175
0,2654,2.116426100775556,3.1746391511633343,0.06520955016609986
0,2655,0.6118114075786223,1.0298192015764387,0.029445308569954275
0,2656,3.170533769459669,4.4142238116234065,0.0879759742885954
0,2657,0.36580350682048335,0.6840024476848762,0.013070072920902268
0,2658,2.1106192036533384,3.0551504494871535,0.06931318828009445
0,2659,0.22277830854587463,0.3726473524767357,0.029903525588982263
0,2660,0.322002850265256,0.5588307530409927,0.01968887322727203
0,2661,1.620554487932656,2.4170982192893855,0.06246136658526378
0,2662,0.4515800006246829,0.8586380293567915,0.011898371590886648
0,2663,0.35029807017868003,0.6197581241622802,0.019249152140848075
0,2664,0.7757476219550908,1.1744558969264223,0.05446947051323558
0,2665,0.31877755268858543,0.6375551053771709,0.006635411336178819
0,2666,0.1882327023682396,0.35947217466156867,0.006051245081267665
0,2667,0.2652009756522468,0.48266577568708935,0.014284126170129455
0,2668,1.9185041070316156,2.888910254192956,0.06410311152154531
0,2669,1.6058663387609662,2.2601081804783973,0.07989145626386507
0,2670,3.432067083740996,4.661738177915577,0.09377877298604646
0,2671,0.8378067017329148,1.3963445028881916,0.033506925272461976
0,2672,0.1293773597136016,0.2568931746831226,0.0025361016017726697
0,2673,4.185474509849429,5.365992961345421,0.1198234978543296
0,2674,1.4967867193060354,2.2323504785078585,0.06077135143770231
0,2675,3.1053159160856,4.051097413370556,0.10820361144816257
0,2676,1.6093134815562204,2.386846961409226,0.06292835058911347
0,2677,0.6951973112681674,1.1487711667906912,0.03306876709726201
0,2678,0.40855240471437293,0.6654266711515534,0.034971552484391814
0,2679,3.2208741194764943,4.481216166228165,0.08708071184043649
0,2680,0.16267125406024882,0.2894280754058973,0.014462868293995998
0,2681,0.605406894533518,1.0488578045421453,0.025348893549665723
0,2682,0.7741577789762126,1.2643050118191403,0.03798642717281847
0,2683,0.4677207286241996,0.8185112750923492,0.021547661718999363
0,2684,1.2730003393979383,2.0414578613515726,0.04462249452429742
0,2685,1.2237207913200936,1.8670482930426568,0.05328265118382012
0,2686,1.248325922074893,1.9637407780008544,0.04863359178818118
0,2687,0.5587761028271083,0.8803972317799208,0.04302615754587724
0,2688,0.11858123777890442,0.20639139486834626,0.021612163260405784
0,2689,0.45922593112412663,0.8731760662219312,0.0120081512872057
0,2690,0.2608042360142286,0.4218892053171345,0.04066726784660274
0,2691,0.4467913254933253,0.8107339283786167,0.016796159889969277
0,2692,3.174274227320695,4.282750941623158,0.09528868127211874
0,2693,0.3393917661621309,0.639265312976616,0.010829290785588825
0,2694,0.554307210332736,0.9482488126446804,0.026183969254280612
0,2695,0.5537591606453437,0.9140362049206276,0.03237763402166904
0,2696,0.5745166671547092,0.9838597925024392,0.026946967447457334
0,2697,0.9906647418181929,1.5475472889941002,0.045098585199230046
0,2698,1.8375800312212287,2.5006243723835273,0.09550755238944607
0,2699,0.3194435935423663,0.5019827898522898,0.04123084551958761
0,2700,2.4131380347957645,3.303547256190994,0.08948495500093887
0,2701,0.3722265719562437,0.718054096256016,0.010501384787473327
0,2702,0.17843865624032398,0.3281355155023407,0.01075968645855345
0,2703,5.673000241111382,7.323873327149085,0.11977598433175692
0,2704,5.203398805713102,6.605350815542538,0.12342494311081376
0,2705,2.4687997095580037,3.2959748699769236,0.09470637518100934
0,2706,2.907469974722486,3.7975118037191655,0.10246275606308418
0,2707,2.7922358288872053,3.7717112243607276,0.09032119288035113
0,2708,0.16221397110943162,0.27133973349214024,0.03032931796148101
0,2709,3.9148566446802557,5.079275544123615,0.10267745271382465
0,2710,1.1993961638288995,1.8837575043665655,0.04640103226149352
0,2711,3.100950298222902,4.17812250707928,0.09332679291830696
0,2712,1.6250735709224746,2.4949658941809765,0.0552479271034656
0,2713,5.225350565375282,6.6677650443590855,0.12153799884398851
0,2714,0.46028193585134614,0.8433353589759565,0.015737069268398834
0,2715,0.2558114965255409,0.46927009627533006,0.011560212591627239
0,2716,0.204243444372665,0.3697740790276353,0.01189128144803163
0,2717,1.7477703972560519,2.592198791435943,0.06440462914674888
0,2718,4.431366284401711,5.830745111054881,0.10034923169552012
0,2719,3.8909696048924913,5.2716362388866,0.09564067745219533
0,2720,2.6625500299843905,3.5592637706527093,0.09737067816755325
0,2721,1.7870862827541123,2.6806294241311686,0.06289389943910391
0,2722,0.31692796789758515,0.6096461604696606,0.0076515445422779
0,2723,0.29706737139958106,0.5613548949205874,0.009355292027263033
0,2724,3.297454102026812,4.273231336300051,0.11521788446042981
0,2725,0.45498907534672806,0.7322901094337869,0.03966512081850861
0,2726,2.0567819409026895,3.091049431185185,0.06459332651355944
0,2727,0.28695366068740846,0.5111955942047209,0.014236287371401353
0,2728,4.402275979710645,5.564298065725638,0.11090650464682507
0,2729,0.8416388808774317,1.4259614160088965,0.03058902573119518
0,2730,5.03647070179946,6.225988907752094,0.13056059915278823
0,2731,0.7854301478613372,1.3303223129401398,0.031225452391411574
0,2732,0.26876916307999194,0.5112252612430613,0.010221375018766824
0,2733,0.2369351968728493,0.4416343125385083,0.00948434263831358
0,2734,0.5656153176123346,1.0350375539980818,0.01736600486303376
0,2735,0.8600945686349312,1.3373724795537372,0.04671063091070007
0,2736,2.370091908573457,3.320663529659068,0.07972084561592828
0,2737,2.837515611589659,3.8940373818624034,0.0862133674638207
0,2738,0.3539415511992899,0.607710965266705,0.023094700289019648
0,2739,0.27509487458476706,0.5080085350665366,0.012442874287143475
0,2740,1.7837258139022323,2.630746451788767,0.0642145990314601
0,2741,1.709009978389229,2.465457018004134,0.06923899146883089
0,2742,4.423742967736754,5.986478255252457,0.10610074467987173
0,2743,0.568411845759373,1.0088369183014043,0.02052664366337619
0,2744,0.23786641090719263,0.42048642960368254,0.017590585419871352
0,2745,3.9451032071404115,5.026502055798191,0.11982533178019807
0,2746,0.326156352812297,0.6523127056245941,0.0067893107817664595
0,2747,3.4303592697830565,4.754030509753693,0.09174048163823495
0,2748,0.10376379559102986,0.17994481007558347,0.019581856484177162
0,2749,2.410493864325143,3.519868881429328,0.07327354111308129
0,2750,0.4639291753243001,0.822419901711259,0.020181476033660058
0,2751,2.6482012776842896,3.6483198453203762,0.08803336891380985
0,2752,0.2757974223110059,0.5341147263065251,0.006716567302368503
0,2753,4.284704118128441,5.585818457664824,0.11209568880761042
0,2754,2.345843477107906,3.2791360432691157,0.07860901730414681
0,2755,0.8138697448617414,1.3701857729950837,0.03081948963807799
0,2756,0.6572314371435712,1.1533351671164607,0.025001335485680874
0,2757,1.127393644923439,1.6448858098063288,0.06815088006508319
0,2758,1.1063787167413721,1.7016234064501807,0.05027330379824018
0,2759,0.22987868515275003,0.44997529859687246,0.005173378288606891
0,2760,1.816743756842321,2.6109486778662867,0.07189917699507242
0,2761,0.4163995947594438,0.7060688780703611,0.02620601779677395
0,2762,0.19811909725867258,0.34576199139411645,0.018821564184938737
0,2763,1.0455221346052288,1.5285079033087314,0.06749472350233536
0,2764,0.4140748186339948,0.6744212614877041,0.03402668231849023
0,2765,3.737402050784104,4.8547696742144035,0.10854969692142821
0,2766,0.1822452956112735,0.32804153210029235,0.011202851054623783
0,2767,4.122867309391162,5.300829397788638,0.11422520947244647
0,2768,2.0971359731561785,3.1275206998514107,0.06557824964432526
0,2769,2.7163118268861157,3.707981224003269,0.08771756879912108
0,2770,0.11976972045466881,0.21683799062708012,0.0096184243102891
0,2771,4.696375515942288,6.010387318330285,0.12128181796372017
0,2772,4.992848099192045,6.464424381059173,0.12319364234742909
0,2773,3.064693623673314,4.129961460779011,0.09434038045488015
0,2774,3.427404255343409,4.667103666850601,0.09398939803140116
0,2775,2.5399238587368633,3.5890228438673075,0.07906279468938446
0,2776,0.4484993240430972,0.8002634997631733,0.01896495945714947
0,2777,0.688132668676815,1.0969644306553936,0.0399208873689762
0,2778,3.3829013795893337,4.613047335803638,0.09347165447897078
0,2779,0.7953478900327196,1.2177360350218476,0.05043471922082272
0,2780,5.185904544611026,6.549209347575781,0.12561777425421794
0,2781,3.2770017715356663,4.541497020334756,0.0891791943919627
0,2782,1.9494635179229092,2.7970563518024347,0.07049510407717624
0,2783,1.6861909872591168,2.5195957280883348,0.05990002716794243
0,2784,0.46272193403262546,0.8016583825278607,0.023125186720117846
0,2785,4.685376478956391,5.965402011867156,0.12234748597759154
0,2786,0.3659060921033402,0.6322301464823536,0.02263054829526658
0,2787,1.0664280437691203,1.6974505548751084,0.04431265599192433
0,2788,0.20951937566705636,0.3446531741742111,0.03130344525414177
0,2789,2.2661208061767426,3.3227951146748858,0.06894867069949592
0,2790,3.68363877014532,5.057536473604924,0.09334060603647693
0,2791,0.16316132224637717,0.2745885667073177,0.030262135836715644
0,2792,2.2566408588504974,3.0243640376346863,0.09411741333309119
0,2793,0.4268315049072258,0.6961418591939277,0.034194664662389136
0,2794,0.5849109582939009,0.9552391981604536,0.03509904874981612
0,2795,0.28635863143511936,0.49707536022699955,0.021922886513207077
0,2796,4.627414730542877,6.169886307390503,0.09914271925380251
0,2797,1.6859225151177326,2.450575896291349,0.06707153653521515
0,2798,2.775909358087302,3.976724080405967,0.07829158407677941
0,2799,2.1491320431774055,2.943863163310717,0.08647715819019729
0,2800,2.0392664508227427,2.9909241278733556,0.06577518132762
0,2801,4.294230857548466,5.710413374399556,0.10831442496247967
0,2802,0.13344925819705333,0.23289870538848792,0.01798239700963076
0,2803,2.59535786560186,3.5010296207858427,0.09746748449214808
0,2804,3.9609044829709066,5.098395001157422,0.11571222784311443
0,2805,4.911569233122443,6.164520568102659,0.13053180986631052
0,2806,1.9034827533439556,2.8124492366823612,0.06598585077961618
0,2807,1.1987245646864086,1.7815298779041107,0.058790285744372325
0,2808,0.35615635181568306,0.6306462790112096,0.017051352625569557
0,2809,0.11795651860961523,0.2110800859329957,0.01526953771423381
0,2810,2.7710542985159057,3.9156202044246498,0.08031004008207701
0,2811,0.3776450339001949,0.6608788093253412,0.020493248505014074
0,2812,1.0460444585675586,1.6138971646470905,0.04975775905381526
0,2813,0.2563612407947019,0.4714293958238142,0.011274077559427394
0,2814,0.2796935465083461,0.5341369811791332,0.007936815307218105
0,2815,0.9986559871729296,1.6086135362246587,0.041445898001971467
0,2816,2.121106892925477,3.0873889219248603,0.06944460756661075
0,2817,0.7459772059575098,1.2571097359654335,0.03197511725939613
0,2818,0.4387921026923278,0.8084594220838097,0.013532070205834967
0,2819,4.5207883197055985,5.869924100978998,0.10373812781399966
0,2820,0.5622127406716133,0.9290222726951658,0.03132020028210953
0,2821,3.133261033290897,4.161362309839473,0.10047682852098704
0,2822,0.14099610230634058,0.2440995021178521,0.015532545343825857
0,2823,3.06642504647932,4.26633049944949,0.08523778599293073
0,2824,0.38239390524271866,0.7427795281693099,0.009494000026902
0,2825,1.4160947907104875,2.1773480597051433,0.05359894348319321
0,2826,4.017566566662159,5.378012388177389,0.0963762909246706
0,2827,0.9678164587154019,1.6293618861917525,0.034448161474842004
0,2828,3.151777787648145,4.3147332280102955,0.08975364600869874
0,2829,3.276775629022617,4.534348978539405,0.08761588778063291
0,2830,0.049335685648482175,0.0901764850263648,0.010141663929021242
0,2831,2.8916559087833287,4.144706802589438,0.07960443239076011
0,2832,5.428561563150693,7.037024248528679,0.1176395511242047
0,2833,0.284123324100972,0.46087446176843727,0.028093090534285867
0,2834,1.2911293589458417,2.009272315992641,0.05044827884366295
0,2835,4.867457341366415,6.287132399264952,0.12222985382533136
0,2836,1.4755620829703058,2.2858418395146933,0.05456534474140359
0,2837,2.594771403167572,3.706816290239389,0.07652793847116741
0,2838,3.745477261140404,4.9292809550759715,0.10404023860984875
0,2839,0.08954958809814204,0.1709009744689893,0.004814203748858804
0,2840,0.3597458048614709,0.6571356702136202,0.0142878059541283
0,2841,1.9320716909266777,2.822971415076201,0.0692331509824072
0,2842,2.202913020492785,2.9676548462597103,0.09218620960859075
0,2843,0.3003289401285728,0.5876940411149053,0.007694708171502354
0,2844,3.7904751143490687,4.974998587583154,0.09919628633582217
0,2845,1.5117900048492643,2.16909000695764,0.07325391024246436
0,2846,1.1531753086664784,1.7134751761541454,0.06142796383359806
0,2847,0.3166093549813822,0.5421935204056169,0.023531634237003607
0,2848,0.35501551564337425,0.7049228943710164,0.00758987298504759
0,2849,0.12108563984336015,0.23370375242494687,0.004803884884226269
0,2850,0.47790360521384373,0.7657636715122408,0.0391329167235017
0,2851,0.3426841275203642,0.6564090329967537,0.010255957220859422
0,2852,0.6758707430528265,1.0797934948181254,0.03984229089591081
0,2853,0.34384448088856656,0.6614230639314785,0.008391648256044111
0,2854,0.2973619008993616,0.5734836660201974,0.008115924849311866
0,2855,5.5359688288466575,6.753881971192922,0.13336274116409058
0,2856,0.46705557644099904,0.7774589719638992,0.02807303152105075
0,2857,1.7740954326200786,2.6864873693961195,0.0596100572169659
0,2858,0.4111294920712705,0.6665649753108173,0.03637391298147129
0,2859,4.05575137419085,5.386209496941288,0.09961626874501672
0,2860,0.34552500310517026,0.6466920666225145,0.010874935069023622
0,2861,0.3962829015293304,0.7143520724936614,0.017123520511158424
0,2862,0.3046474376140833,0.5491670914885446,0.015121178892027196
0,2863,5.610568720636147,7.093154237488185,0.12300450486384079
0,2864,0.089729747081388,0.15731101228825622,0.01265259471958882
0,2865,0.5379495728270735,0.8378410013571085,0.04951125969359414
0,2866,0.5762014044717674,0.8963132958449714,0.048520063455895816
0,2867,0.17572533679002544,0.3163056062220457,0.011531546569949973
0,2868,3.7196912966877926,4.7103628480669535,0.11028850879687002
0,2869,2.4756619853954605,3.5835549180862456,0.07523551650112609
0,2870,0.6201844156028948,1.0543135065249214,0.02783572627107832
0,2871,1.8114758645597677,2.5892290890174943,0.07223062627926069
0,2872,5.291452274389994,6.5146020463595375,0.12974929759424123
0,2873,0.24300696489649037,0.4756732078824919,0.005371415816946495
0,2874,2.3562151946801864,3.283661601096856,0.08078733624599604
0,2875,3.9488600010107056,5.056958470682077,0.11899551516936839
0,2876,0.3944406451778723,0.6614096184385053,0.028410548857107927
0,2877,0.1362721235142143,0.2467148902839044,0.010236451518602361
0,2878,2.6762837292237664,3.7067245233633974,0.08510366894887497
0,2879,1.9595325002561192,2.9281650429963606,0.06371206695115852
0,2880,1.4160199963611508,2.2109785908095163,0.05172583928575689
0,2881,4.0259081561338625,5.4178444867120605,0.09650270909708203
0,2882,0.45565151663653,0.7179160523749978,0.04698310554582735
0,2883,1.3345980293664623,1.9943993023116806,0.059544564948180397
0,2884,0.23805735235897788,0.4188604047835181,0.01617471830895001
0,2885,2.208079361843045,3.0184914680513963,0.09157517434008611
0,2886,0.566278328544689,0.9193695216372596,0.03621971895712382
0,2887,5.6039624414067015,7.084802257529715,0.12374514127959345
0,2888,2.014456497415673,2.8375677544242275,0.07600747456393038
0,2889,0.37677482000315843,0.748128419574617,0.008025790144636481
0,2890,2.3614091001909396,3.409450217691413,0.07490231617855338
0,2891,1.5526350505657376,2.1885547255314917,0.08122326267373395
0,2892,1.7091281749095684,2.5067213232007006,0.06662796239539592
0,2893,4.157339282511845,5.671153042991702,0.09887104072646338
0,2894,1.3797345086241002,2.0890895384816894,0.05838795592963473
0,2895,3.457266992589049,4.501649729933658,0.11026452357942942
0,2896,5.569382228259752,6.933312569874385,0.12727455812831828
0,2897,2.7931393165254157,3.9857156539182896,0.07803654274393848
0,2898,2.760215011265531,3.6289121214100124,0.09885943087366082
0,2899,0.47457984916153234,0.9023701357296743,0.012231423044720836
0,2900,4.842166786609928,6.39580318873076,0.11580735264716034
0,2901,1.0762100405417359,1.6481388049439154,0.0510658337758123
0,2902,2.2504577629332605,3.2166869111491714,0.07492696836471895
0,2903,0.1589417579658621,0.295482328567408,0.00802304015516552
0,2904,2.5167878624973343,3.448931515274125,0.08567536559011052
0,2905,0.04820843515278018,0.09436544753310162,0.0017531883597595094
0,2906,2.7852579576597045,3.9571970983143347,0.07983698226758303
0,2907,1.6007393610047558,2.410204151512842,0.06041170526416372
0,2908,0.7653625592517216,1.252411460593726,0.0351753977864112
0,2909,0.715430670758875,1.0975356880960014,0.051042306140242
0,2910,0.33185196773262315,0.5368193595674785,0.03701514959791053
0,2911,1.016466369288895,1.610891146650822,0.043522582942995484
0,2912,0.9964913715358281,1.445995631522098,0.07307566315725325
0,2913,3.59083669486479,4.7564486062868685,0.09717383907774671
0,2914,0.3168886366788131,0.618045213380664,0.007358967377770024
0,2915,2.0265746475724082,3.028347342679224,0.06547095731028726
0,2916,0.08930876759878098,0.17861753519756202,0.0018564049994526553
0,2917,0.397462792128993,0.7540903658885686,0.011187146317764025
0,2918,5.37780237439111,6.862299904821989,0.11950089310811245
0,2919,1.9771071800074507,3.012180938952527,0.06285996600847985
0,2920,1.4396375787672915,2.0510965503942593,0.07545787057190999
0,2921,4.918385303416787,6.204732228925792,0.1297850876563812
0,2922,0.7863181729203539,1.2918084269405812,0.037654446097419136
0,2923,2.377143206632607,3.3408499120242023,0.07916614650389152
0,2924,4.444234174519433,5.5665155317213095,0.11406698234766031
0,2925,0.9200753815985484,1.514758250192732,0.036656039461526305
0,2926,2.4054769987471407,3.4176175938483957,0.07514496400743771
0,2927,0.7165665828226156,1.2335829780237435,0.02854763453152913
0,2928,1.9362806227466827,2.7753355592702444,0.07379734675223637
0,2929,0.24989545861048856,0.44212273446471045,0.01755137471102288
0,2930,1.0500392237296452,1.669941897979676,0.042763194486226105
0,2931,4.231228758048203,5.641638344064272,0.10367036403795611
0,2932,0.21013769756324674,0.4099164945423898,0.004634364842317964
0,2933,2.0469890412092493,2.8898668817071758,0.07768091606147769
0,2934,0.433645246064594,0.8138273796006762,0.01297161466974541
0,2935,5.402840623199957,6.930345302010417,0.11811822500030691
0,2936,1.9015816646051915,2.6845858794426234,0.07524914415486397
0,2937,4.109597366012568,5.545746983167497,0.1008701858435169
0,2938,3.5518893874899935,4.774044875658595,0.09611464999629861
0,2939,2.3943934221267735,3.4585682764053396,0.07277130588354322
0,2940,1.3043050458008683,2.0297764913942515,0.049897311295387284
0,2941,1.2851416655335883,1.8810453428480451,0.06402942395300011
0,2942,1.8795917926113759,2.835498475710875,0.06127124014920625
0,2943,1.5247841964049118,2.344465874241078,0.05468231989824363
0,2944,0.41610976344642064,0.7376491261095638,0.019520346124666875
0,2945,3.0540739798204326,4.115650496870316,0.09594113231932933
0,2946,0.16079594651625098,0.3008087434827824,0.00844228301848723
0,2947,0.46722255104393917,0.7882589051354804,0.028854633587186602
0,2948,2.681626444404013,3.7572238644122162,0.08292804313782551
0,2949,0.5880299499846477,1.0760548064344913,0.017500081542038925
0,2950,1.869517974413533,2.672191452558474,0.07376725242758313
0,2951,2.584513313568553,3.7396030626494703,0.07517005627898497
0,2952,0.3448360762540576,0.6679691826739439,0.008022751541101604
0,2953,1.074601949503601,1.7041024998045275,0.04484485223410977
0,2954,2.6048521135192924,3.741776516657548,0.07647547179017143
0,2955,2.825171300978303,3.8309914500177005,0.08774808256381643
0,2956,0.5198500208879617,0.928303608728503,0.020190168505874524
0,2957,0.5395489795209425,0.9467557565178797,0.02174776963432961
0,2958,0.16527052246170562,0.2818724248119887,0.026628785312514384
0,2959,0.4744784575376167,0.7563744823099656,0.040255252079781985
0,2960,3.4272588888966387,4.655207260854258,0.0942404281463171
0,2961,3.599395488246135,4.792879255401433,0.09676864695397824
0,2962,0.24407880759255024,0.4318317365098965,0.017867195249056403
0,2963,1.6555777162461958,2.4973968939985,0.05985468946608775
0,2964,2.1181138389971195,2.8943859265876863,0.08694010607531097
0,2965,0.7074585767574496,1.161629514922726,0.03294737266531857
0,2966,1.177124061464677,1.8806124058903122,0.04496329157903391
0,2967,1.8735027955307737,2.826312788686424,0.06148328903154888
0,2968,2.1494083256512417,2.9840190052924154,0.08127203199619235
0,2969,0.11157563523192707,0.2191086749844365,0.004599255423543022
0,2970,1.413991801928336,2.081710152838939,0.06325674690284835
0,2971,1.0070056607614475,1.4993195393559324,0.0588785905444212
0,2972,0.5455833869507142,0.9436190654807952,0.026217136004424716
0,2973,0.21850738692872956,0.4260108047315518,0.00518149386904158
0,2974,1.1919603566165282,1.7202887309006105,0.07089279540182546
0,2975,0.2676787089002013,0.4567267970609684,0.023874545562977627
0,2976,0.59363178704072,1.002905876242707,0.028565805805399924
0,2977,0.22160414243914153,0.4261618123829646,0.006160467568636084
0,2978,2.9433634428952797,4.14965993588515,0.08216371671171949
0,2979,0.797393826012011,1.3127825184344082,0.03539676530934811
0,2980,0.9962247501811107,1.6878712327909267,0.03446224138389453
0,2981,2.45728016147311,3.3230576276916146,0.08851957148360672
0,2982,1.9938059727616924,2.716948035421374,0.08965997968151644
0,2983,0.9551105400132912,1.4169222296900472,0.062255161451367814
0,2984,0.9596350032148411,1.4236343454286098,0.060733570049861685
0,2985,1.607684246816842,2.357936895331369,0.06503739422575894
0,2986,2.7477489926147003,3.8113937639494213,0.08527161448358692
0,2987,0.27388123417213783,0.4673098558062104,0.023222965286052527
0,2988,0.2918256460197797,0.5093008089771952,0.019796703746499285
0,2989,5.0536275526590675,6.64808758264241,0.12044515948681968
0,2990,0.6825095464351917,1.0880005122584528,0.040445662336173645
0,2991,4.385099196228946,5.486882913874406,0.11656938567625535
0,2992,0.3492881366374347,0.5942157934258797,0.02254535915187767
0,2993,0.974318536756407,1.5600695618301996,0.04220942344944454
0,2994,1.3145116855527852,1.9457743594058174,0.059648728039957175
0,2995,0.4662847838658323,0.8528103283861936,0.0158788426651753
0,2996,1.6244009593345152,2.4366014390017727,0.0611336076767382
0,2997,0.9066068753696002,1.4945276975789774,0.037619871031876535
0,2998,3.557330839779641,4.7813586556177965,0.0956407047256217
0,2999,1.402412842294302,2.1362335155878323,0.05400922866615922
0,3000,0.09901517866456165,0.19110621896097216,0.004397821736481428
0,3001,3.8027033634163385,5.043585513583776,0.0997427932409738
0,3002,1.45874892421204,2.028572722732368,0.08860439555098447
0,3003,3.3082720329686133,4.309236391661681,0.11087806136258435
0,3004,0.34508899127052206,0.6502697318498952,0.010368230306868651
0,3005,2.658919312142768,3.6849153510674237,0.08456157822736346
0,3006,0.07161536494666916,0.13869172788967615,0.0028487733701042907
0,3007,0.7736024640415109,1.3412458305135284,0.027249574332806392
0,3008,0.30252659914027463,0.5985238472199675,0.006330131830111602
0,3009,0.7235235805706334,1.1953867852906117,0.03272618729384551
0,3010,0.7340811512390429,1.2205204683251556,0.03436774368718057
0,3011,1.5560353272282097,2.3562820669455746,0.057913019333370105
0,3012,2.301698222844602,3.2681571451439924,0.07820482427682515
0,3013,5.22910636479575,6.707492457460519,0.12179506121998752
0,3014,0.05423259859460516,0.10429345883577913,0.0032760966083140225
0,3015,2.14968708338769,3.0984316620895185,0.0712067479347517
0,3016,0.28347141813514787,0.5391903897395817,0.010140945102810994
0,3017,0.1302860044592859,0.22697624676240372,0.020677233094307343
0,3018,2.5421771690075543,3.7132924940559775,0.07262248955557736
0,3019,1.0033503302650035,1.6259110773571448,0.04037188463093481
0,3020,1.3774097893855577,2.1890977009877606,0.048634976170262974
0,3021,2.351597937061984,3.2772269122885103,0.08132512870488298
0,3022,0.20308596601589426,0.34223746124900706,0.027296283377420814
0,3023,2.7838919813593965,3.983580238519801,0.07949728452666754
0,3024,0.7134689758710766,1.1448688217466112,0.0408714058604644
0,3025,1.087688339439656,1.6562526986922024,0.05210850740160801
0,3026,4.312340942734418,5.681338067412012,0.10952990187428527
0,3027,1.1585304500149831,1.8136518354401228,0.047659387454713195
0,3028,2.267015521642664,3.1837321806675667,0.08120780502376662
0,3029,0.19566099544019494,0.32373001063741347,0.030509814283714375
0,3030,0.40183231667566455,0.7781963879282235,0.00927269282438286
0,3031,0.8352255411652898,1.3886882491663854,0.03627777499571225
0,3032,1.5428597584443273,2.1683434443001355,0.07613955140688475
0,3033,4.015136275869475,5.276435629545749,0.10791525555300045
0,3034,0.763445222961413,1.2930853463908931,0.031054939662744873
0,3035,0.2843031634828804,0.5091442274137857,0.015632738093598633
0,3036,0.659907295981312,1.085269227728303,0.03416756787675708
0,3037,0.17866409824426494,0.30628131127588265,0.02428898525981505
0,3038,1.8886891098143388,2.780570078337777,0.06412564886175076
0,3039,2.375359643792719,3.356486453185365,0.07676790608838158
0,3040,3.013593277277389,4.209203653588526,0.08556725193463026
0,3041,2.9985863371072807,4.238225381498,0.0819469963654136
0,3042,2.9146771484918337,4.115780369024183,0.08256085185937638
0,3043,0.2927359120077019,0.5728357414826972,0.0076089076801492735
0,3044,0.30641360519264965,0.5634719988106441,0.012809663959718226
0,3045,5.1030508775548515,6.564862326854417,0.11943037546102622
0,3046,1.112392306239432,1.614177966119176,0.07204426376758531
0,3047,1.6305535066927421,2.3951633431644797,0.06285489771249568
0,3048,2.9504283461382554,3.9085571389563474,0.10222790110426314
0,3049,0.79232663205894,1.2537403766109114,0.04178867375587785
0,3050,0.3152753118154252,0.5436478133227525,0.01993612809278672
0,3051,0.5851312902197684,1.0184247139901028,0.025381832137436645
0,3052,0.5509460852629393,0.8694120305016325,0.04281785872492464
0,3053,1.8696486027549588,2.5933835457568777,0.08539554559546064
0,3054,3.069011470221791,4.357657170425416,0.08387068808410844
0,3055,1.3247529913751308,2.048037670574197,0.05138088918944165
0,3056,1.1355932357867033,1.675156872679833,0.06370145406509957
0,3057,1.7850585328424493,2.71862362760488,0.059549329918614495
0,3058,0.6453350998975648,1.0914926998267451,0.029434855747834398
0,3059,2.454464660415892,3.3587411142533248,0.08672254259045109
0,3060,0.958435107338436,1.5460471076709292,0.03984661239805038
0,3061,4.17464844164734,5.297777210212361,0.12161379348091969
0,3062,0.6078935273520973,0.9805901542405854,0.03734274214188093
0,3063,2.2274530974411184,3.2478506057661005,0.07024601942272844
0,3064,0.9296750652475106,1.4396682438975736,0.04809992990556759
0,3065,3.1162657360459836,4.0961224881016784,0.1039813214318043
0,3066,0.08402603601675772,0.14624784749752137,0.0149619656582875
0,3067,0.7619517168528809,1.244370851191687,0.03856775663622732
0,3068,0.9277802516901289,1.4680758100273215,0.04247569639955911
0,3069,1.4544557541309047,2.254836731256196,0.05256489217986402
0,3070,1.8812874669209518,2.821931200381428,0.06286012750526307
0,3071,1.3912399366965182,2.2175521415223294,0.04872001566656923
0,3072,0.24539464429350785,0.4026235481222824,0.02960140251581242
0,3073,0.34438237664989085,0.6290718080138008,0.013735975285508281
0,3074,3.1590749532632967,4.212099937684395,0.09628155897616554
0,3075,4.086373985044331,5.484919092225277,0.10210281043502394
0,3076,3.956777681595012,5.067097949389531,0.11633495688612557
0,3077,2.320523323653377,3.383556354600734,0.07174806404353914
0,3078,0.3909323432125743,0.736654823604647,0.011074982526113306
0,3079,2.933425684718737,4.010055324322954,0.09045989809659084
0,3080,1.927203481728963,2.7849149213995448,0.06788581204145097
0,3081,5.288810727176259,6.51134989024213,0.13060972991150357
0,3082,0.8927797201620242,1.3146426648539697,0.06805607245128281
0,3083,0.4171802847759385,0.7189144530101078,0.024431101089740923
0,3084,3.875516177441432,5.302217187818224,0.0968546591615916
0,3085,1.4309900674551064,2.027873625003225,0.07817571548199505
0,3086,0.24558848610745376,0.4824681606508132,0.00528739788669281
0,3087,0.44853177017903423,0.8368579336226275,0.013251648505852677
0,3088,3.146548896874695,4.200889888497631,0.09838104997662632
0,3089,2.441095335381803,3.5065457856313196,0.07390461581618037
0,3090,0.3543458640055617,0.5568292148658825,0.0391951041735986
0,3091,0.4693232371618915,0.7437812705898982,0.04141174368024388
0,3092,3.283554437452837,4.338375033940277,0.10294599194879155
0,3093,0.15805364266310853,0.2806465321646221,0.017070256367680576
0,3094,2.99301465116779,4.048446133421695,0.09475541718008576
0,3095,0.2867226133113561,0.5237466403154106,0.013041986531871445
0,3096,3.3371196592027874,4.391856960816105,0.10339063607443204
0,3097,3.8090646396987142,5.1267951096485405,0.09887279758410673
0,3098,0.29087172653186977,0.553266500815864,0.010120944415566853
0,3099,4.815753642053774,6.293603966070278,0.11650611700816196
0,3100,2.3153405523625947,3.4595495462627137,0.06766150109792365
0,3101,1.0322690236017151,1.5397532363221114,0.05887575164155872
0,3102,0.5314081701786382,0.8707410981240334,0.034802649770996355
0,3103,2.6228064258779447,3.7612773470007874,0.07701013539447804
0,3104,0.18837759540196597,0.3740447218053425,0.0038302484441285855
0,3105,3.2656100088461115,4.292425527091537,0.10694514716648439
0,3106,1.0492095145692588,1.660219761289004,0.04480655449820128
0,3107,0.3756505723465113,0.6307219486311796,0.02713789123533067
0,3108,0.778404114406443,1.2815189688398756,0.034869145827188246
0,3109,4.095578865835472,5.497274306549215,0.10136572399183298
0,3110,1.4905725152764129,2.210451286858771,0.0609514636000599
0,3111,1.745475852697139,2.4976698665666244,0.0740422676229414
0,3112,2.284866387561801,3.110289323382557,0.08584436464157427
0,3113,0.2599771264493519,0.5088913964540506,0.005782652996873569
0,3114,1.3895417259314422,2.1166275127560334,0.05476694788909642
0,3115,2.2429786169090953,3.21657922534766,0.07456786435565153
0,3116,2.519068877162525,3.4972179624437176,0.08149692335877544
0,3117,0.4642937642260614,0.797183632916445,0.024380846540051255
0,3118,2.174009486087443,3.218025340988194,0.0681078613053172
0,3119,1.9598478027942496,2.6883776143041533,0.0870081492117146
0,3120,0.7651825694645428,1.287746275440328,0.03356001711297172
0,3121,0.22738393979644703,0.38267053282816693,0.028706237002750205
0,3122,0.39732107554110874,0.6804123418641489,0.025239622052786282
0,3123,2.2794980737758603,3.275999963951099,0.07311951336524337
0,3124,0.7677845530176822,1.3004350866736993,0.030184382319275775
0,3125,2.1138707906266587,3.049518517625344,0.07284255794157035
0,3126,0.3755063888337195,0.7374074737241884,0.0076139670441578875
0,3127,4.086231218623959,5.484727464570126,0.09835850625327199
0,3128,4.363695766788943,5.594481752293517,0.10441629135910811
0,3129,0.3443840791539759,0.6092949092724186,0.019449487929075235
0,3130,4.441146537776808,5.562648188730549,0.11518249559557087
0,3131,3.741797181584633,4.860478813192411,0.1075176720480256
0,3132,0.3511751984921588,0.5696388394146064,0.029931029991558902
0,3133,2.755338793823582,3.7074453927364424,0.0946946868438725
0,3134,4.508674643422926,5.939999927049251,0.10012084417078536
0,3135,1.5603263662590092,2.380612227378032,0.05713529355755198
0,3136,0.6289384629448485,0.9739561340460224,0.04763449133765681
0,3137,2.2781337929730845,3.1844880977043117,0.07876459261342236
0,3138,0.3445099793417713,0.6555259329142034,0.009677626092259861
0,3139,1.1278130956767574,1.6137325677502539,0.0782499979522669
0,3140,2.2717232862441445,3.349829252597298,0.06910372619925505
0,3141,3.4859764642459705,4.812163162600414,0.09092083722155017
0,3142,0.09187415881676894,0.1651332919909246,0.012777670869380175
0,3143,0.5877243654293393,1.0418750114429192,0.022632833474828817
0,3144,2.9240996637872607,3.82953153937621,0.10332067517194958
0,3145,0.2678827604255978,0.4379161293184921,0.03509133757383905
0,3146,3.825496444686188,5.100661926248251,0.09920840099369843
0,3147,1.2720344667145345,1.9080517000718011,0.057737903791620374
0,3148,2.248671937749574,3.334237700801092,0.06848637267096117
0,3149,1.560052162546489,2.3672884559571723,0.05758963260457842
0,3150,1.3626330397813087,2.1310946959370476,0.050271253766233884
0,3151,3.153140998563311,4.365887536472277,0.0886760708485934
0,3152,1.329218740759987,2.107873506057258,0.048305653330018385
0,3153,0.5212589583643265,0.9474233770270526,0.017039966424935885
0,3154,2.298673663588906,3.2481258289843247,0.07740742746916439
0,3155,0.6121403155129853,1.0936906970498668,0.02061223213011427
0,3156,0.06697478510006481,0.12081725939619531,0.008287231105876846
0,3157,0.4167632320989284,0.8097114223636325,0.01097903730411231
0,3158,1.225009695023379,1.8070585003936033,0.06298250646225093
0,3159,0.16793724266908383,0.32530500852682676,0.0040600942643099665
0,3160,3.8462029092753443,5.155548580518015,0.09628944384189059
0,3161,0.3526770473520127,0.6274903310029318,0.01778579010485476
0,3162,0.4556371436439047,0.8171092776014024,0.01690692153334648
0,3163,0.2816958460522307,0.5234213355700235,0.010812975737035931
0,3164,0.2569802485362014,0.471414098308131,0.012734476817702236
0,3165,0.514118587982794,0.9021951995569031,0.022105776376700415
0,3166,4.227752936682902,5.504886636305858,0.11332379102579171
0,3167,1.442500824417403,2.1119487208321095,0.06448058008204104
0,3168,0.7074463974914724,1.1352046843467811,0.04128746124187504
0,3169,1.7808911796153122,2.576820198437798,0.07002810697968298
0,3170,0.7542980136205701,1.2775922605698409,0.030423896440145603
0,3171,0.8131871116221718,1.228917601271709,0.05688614127284596
0,3172,3.16015222945581,4.208078357358255,0.09768349094626677
0,3173,0.7001639638207953,1.118605149299495,0.03971632413626717
0,3174,0.8916552062172959,1.5203864413705173,0.030362052301624805
0,3175,3.75058931704426,4.846915425103349,0.10356316833089377
0,3176,1.9999758610543121,2.8021052170921386,0.07786564238012686
0,3177,1.2960372156897093,1.9259547451031436,0.0607390323299932
0,3178,0.2625992375845144,0.4879377725387936,0.011019298935629022
0,3179,0.7338842159027683,1.190913907243414,0.03729210303654167
0,3180,0.9868105198316579,1.5344047967324619,0.047521528527166346
0,3181,0.15734139637898933,0.27411048299987467,0.01563041442512193
0,3182,2.1219960528635937,2.876726607748068,0.09673997515502673
0,3183,2.0190234321403167,2.9612343671391312,0.06685401806466956
0,3184,0.6532359142378803,1.103886006971608,0.028243158212201556
0,3185,0.13642340577519635,0.2679745470584214,0.003083395047728372
0,3186,3.3583187465910287,4.460267085316208,0.09628026632509021
0,3187,0.11826383737164861,0.20200344892672897,0.02164065804665242
0,3188,2.0230235363685924,2.8002904740259975,0.08192129538685619
0,3189,3.076654715911516,4.280563083007326,0.08463010274780275
0,3190,0.5785082068169113,1.0068971954091812,0.025508881230384594
0,3191,0.32997992465066317,0.568644650026929,0.022900809631432772
0,3192,2.263395458621171,3.263791241437158,0.07369621993973736
0,3193,2.7047095515065904,3.810502406818678,0.08131431305257411
0,3194,0.3962179212441306,0.6302413718035295,0.04138623136020973
0,3195,0.5605275798818196,0.952896885799093,0.02653241071187419
0,3196,1.8534231433638129,2.548456822125243,0.08614075824941185
0,3197,0.20340104945776794,0.3682489588222334,0.014334051218128533
0,3198,1.1547446524201705,1.8097752447286888,0.046981808291237666
0,3199,2.1631599949758975,3.15510629101457,0.07061683778393357
0,3200,1.1711348774689936,1.8907478744680128,0.04292291279451479
0,3201,1.6848328180219536,2.6175081279983923,0.054042045263294015
0,3202,2.01132140526589,2.971783874072635,0.0647137430113819
0,3203,3.4465537366211874,4.706584134955817,0.09295319059177588
0,3204,4.148601410970746,5.416826712770094,0.11098304721682606
0,3205,1.1453940149687327,1.7824770765489746,0.04814915566024522
0,3206,0.19793684623443566,0.3916016742048188,0.004255779661177857
0,3207,2.030346870680491,2.8012272333452763,0.0848005762345138
0,3208,0.36627321750763797,0.6827133441979105,0.012588376901778844
0,3209,0.28905845495048865,0.463169688049321,0.03484112418926348
0,3210,0.7986150152089944,1.200153291012399,0.059653069355930205
0,3211,0.31227007635322,0.6005193776023459,0.008259100001988741
0,3212,0.8250301752127527,1.260983620069492,0.052811648783467696
0,3213,1.8415667193701242,2.681402091390565,0.06591175519526885
0,3214,1.1619994068203428,1.7332616850336955,0.058891302299745235
0,3215,0.7234250283144669,1.1454229614979055,0.04241786960400651
0,3216,1.346615719745496,1.9681306673203396,0.06581188234110896
0,3217,0.2212394804836378,0.36393239984882425,0.02613067393578971
0,3218,3.104338455370876,4.038807684283536,0.10706236080175423
0,3219,3.4634935411152745,4.85663060793259,0.08909377052170087
0,3220,1.030494281091063,1.4903385032983651,0.07581798761129169
0,3221,3.6621570382302013,5.020699165315599,0.09519259146048234
0,3222,2.4480480444936603,3.5951334139135476,0.07218027478390868
0,3223,4.9397764990286435,6.263840302891991,0.12682703140619314
0,3224,3.9861596388422167,5.110461075438741,0.11534457199245068
0,3225,2.3920025229266066,3.4731336067352427,0.07372858627461988
0,3226,4.881536306367521,6.004289656832052,0.13745297240060192
0,3227,3.5047001677045175,4.635846782677934,0.10055172818533274
0,3228,0.8292994886155388,1.3754235420940644,0.033703526761596464
0,3229,0.163203218448984,0.28612209816688966,0.015215242170865709
0,3230,0.7807758701633719,1.353682839828703,0.0272113630826476
0,3231,0.2711515578108571,0.5144450788603245,0.007862233236747123
0,3232,4.931768047172094,6.4713146862364,0.11834820373753656
0,3233,0.6910719658909976,1.0366079488364965,0.06087256414016892
0,3234,0.5370008457729295,0.8810672559388183,0.0332847334736775
0,3235,0.5508212887313529,1.0079654875424076,0.017290421665520774
0,3236,0.39609165850935385,0.6887453679812329,0.021523588029750115
0,3237,0.3771953331611975,0.6631734942507331,0.01784088728935411
0,3238,0.8139065900562021,1.2369540831927586,0.05507421570400413
0,3239,0.8836650197628332,1.4372864779274999,0.03857662756239699
0,3240,1.7242282775707984,2.6311922848479243,0.05872394585452901
0,3241,1.5092950154392288,2.251005708740793,0.05980103794823268
0,3242,1.8759188209461994,2.813878231419299,0.06309417783412175
0,3243,2.115795079201119,3.0796572819482946,0.06938949795748464
0,3244,2.382227830490909,3.5127766314018487,0.07133542299185293
0,3245,4.413323285788007,5.94009458465521,0.10606281254500402
0,3246,3.719680001640939,5.114560002256291,0.0922332930324025
0,3247,2.307593307332338,3.191352446310679,0.08263621090721816
0,3248,0.6661337369027006,1.0878870496162445,0.03706228071651137
0,3249,0.8384675411508185,1.3940165868212988,0.03445908856470961
0,3250,3.8363820480343573,5.191625706307366,0.09777712521160155
0,3251,0.35047948414376234,0.6741862299154315,0.008457250861796224
0,3252,0.2212413897288791,0.38893390805841166,0.019261724883420497
0,3253,3.732391223845317,4.774429382786902,0.10687443521382807
0,3254,0.6152405527631758,0.9983843700528179,0.03658905161962123
0,3255,0.5696935259550068,0.9787042625380888,0.02444175896315085
0,3256,1.5853992239930663,2.442620897431178,0.055610304157403756
0,3257,5.399204225235734,6.925680812475159,0.11839965083334113
0,3258,5.147328738042675,6.369169398083108,0.13206416272977806
0,3259,0.9561641687916559,1.5310009607437824,0.043086101645695776
0,3260,1.916908341897355,2.770037878675848,0.06870482372665224
0,3261,2.9746274301013615,4.1810041100869135,0.08254692018819498
0,3262,0.32036707201845765,0.6178507817498825,0.008454671000356096
0,3263,4.323854735648004,5.431978311115583,0.11147671356614618
0,3264,5.156270892665575,6.3802341853690185,0.1293911266892189
0,3265,2.2289043300463716,3.0662175968891896,0.08540195630360731
0,3266,1.0381635862046288,1.5719087067957094,0.054434435096733805
0,3267,2.5099680618141225,3.484583319858969,0.08247352157854439
0,3268,0.33447369050879416,0.5332466265825919,0.0326651407944624
0,3269,0.3840095983049226,0.6720167970336144,0.020257282895367566
0,3270,2.203394444420616,3.0120870862558435,0.09344960575565694
0,3271,2.4742991929319462,3.3811104154724494,0.08601866734047785
0,3272,1.1423017941897615,1.6757943903772874,0.06357478919306747
0,3273,2.0341637896291296,2.9834402247893888,0.06603108126372384
0,3274,4.038545516728383,5.434851147512132,0.09597881696720022
0,3275,2.5271737773937604,3.481585150771191,0.08464781145792966
0,3276,1.8489399877055592,2.861454742877652,0.056677881031434826
0,3277,3.061769512693068,4.23050948796838,0.0888133050588895
0,3278,1.4843730127808408,2.201257706453405,0.06152683685960013
0,3279,3.1548786191328535,4.206504825510472,0.09708520387675339
0,3280,0.47956052480198574,0.8938747196989394,0.014530927003161668
0,3281,4.357345743562706,5.802027220038042,0.10823682478026732
0,3282,3.101842700292544,4.026129161490827,0.10919550046549033
0,3283,0.5127208866313926,0.849387010985741,0.031904512747154425
0,3284,1.6092026312403462,2.3302661053480422,0.06866333516100366
0,3285,1.7833623463505752,2.7372538339334413,0.05873017932642047
0,3286,5.088930541092995,6.512776391968755,0.12033568842285271
0,3287,1.6924336502368358,2.4151485603379705,0.07094772266594714
0,3288,2.3424794379374996,3.247246628251984,0.0820897793607317
0,3289,1.8272945105262557,2.626111782887461,0.07058709624545588
0,3290,0.6224273907282489,1.0286823942574652,0.03330133595074292
0,3291,2.6057674607459713,3.4922656690409917,0.09727368773816353
0,3292,0.2955018282946975,0.5846259192880704,0.006189205401238547
0,3293,0.21235046007879846,0.3974397124447783,0.008122170630651456
0,3294,1.611915912702098,2.474765018913221,0.055784712972599994
0,3295,0.45974916815994676,0.8353612336500991,0.015815691154941577
0,3296,4.783462735693525,6.284655828278198,0.11587637671397027
0,3297,0.633250765501521,1.0338009484994708,0.0354451412767344
0,3298,1.1317804436288368,1.6628952886837096,0.06745127169423626
0,3299,0.09533034655432386,0.16819430570412547,0.01171793323296709
0,3300,2.8275225850986074,3.906845722421194,0.08661000091106191
0,3301,0.3099969010514748,0.553131725405573,0.017916822265552662
0,3302,4.372422041815759,5.853403701140451,0.10780419624773045
0,3303,3.5856874630110704,4.774625937588426,0.09903134216546802
0,3304,0.35714080699486095,0.652377207443946,0.01362175438993653
0,3305,2.3348967312220807,3.423640712634624,0.07252738134989516
0,3306,0.48374047087378635,0.8382831762346978,0.022899952053036514
0,3307,2.496408815289988,3.447421697305221,0.08367622377825189
0,3308,0.24585085550049876,0.4322475825466283,0.015865565288804315
0,3309,0.5040047212091094,0.8514862370737749,0.02770738337223433
0,3310,4.811398854307726,6.287912788433906,0.11683228761356557
0,3311,0.8966659069607775,1.4105446138739715,0.04614892966697398
0,3312,5.182478357051266,6.511318961423383,0.12565836915218898
0,3313,4.779345281296674,6.279246194044036,0.11615974926870885
0,3314,0.1754349729907788,0.31417766404884573,0.013669133264948008
0,3315,0.6369563394649739,1.0788447999688,0.02867293846561454
0,3316,0.33023651761318834,0.5411104384987184,0.03348071485874713
0,3317,2.3231304291475277,3.387357776578239,0.07252332969982264
0,3318,3.6924998915507334,4.760888185045107,0.11253861843663912
0,3319,2.5596960808988554,3.6367266723153135,0.07809181583010175
0,3320,4.459122560943664,5.898310265798496,0.09956761379280256
0,3321,4.068734724031748,5.432193700701961,0.0991324090214249
0,3322,0.33331103806807316,0.6666220761361464,0.006897355691870969
0,3323,2.7590966069799117,3.6504970492349598,0.09612534161221419
0,3324,0.8786463430403366,1.3741620132433172,0.04675905323271354
0,3325,0.05163414061301082,0.09253910915059083,0.00921344337896896
0,3326,0.30097478458994587,0.5397481136979695,0.013964570132062185
0,3327,1.8487216456384898,2.686264048634933,0.06904880128929206
0,3328,1.1648157825533705,1.7406054023382749,0.05942457659588185
0,3329,0.5337489638932729,0.8265483955147256,0.05162618068241371
0,3330,2.415797277659111,3.432280285198736,0.07682817466787734
0,3331,0.38337617161150217,0.6389602860191703,0.02924159528564009
0,3332,5.045388472008453,6.637249005957643,0.1210516203902172
0,3333,3.8118862898652495,5.055764973926541,0.1000578741105558
0,3334,2.15543015625084,3.252052516448633,0.06436339736389014
0,3335,1.0114086662714616,1.5759158288415807,0.04775935268348812
0,3336,2.38033678338702,3.3635193678294844,0.07640160275927603
0,3337,3.1284287512697797,4.424739007320794,0.08363316178759458
0,3338,2.277270466393181,3.358008992817063,0.06891494925465308
0,3339,1.5788569373192753,2.2902100629246624,0.06740788997430698
0,3340,1.7645477565765795,2.6318678403176095,0.06371407617809656
0,3341,0.8205948455231827,1.355982945955991,0.034700806041015095
0,3342,1.8123538770993803,2.4955448674195653,0.08504963572789757
0,3343,0.493219304331466,0.8372549919206986,0.02772662855645672
0,3344,0.2037674526585168,0.3556196307543542,0.018263098139842844
0,3345,2.6111420476008265,3.798024796510293,0.07590475806017162
0,3346,0.13747229901453697,0.2661070930924252,0.00420782891594854
0,3347,1.1218449440620517,1.7713341222032402,0.04644766341356117
0,3348,1.7663468665564157,2.4710065207677516,0.08034361486031717
0,3349,0.671263970693331,1.110636751510784,0.03380152835025373
0,3350,0.9573905222478531,1.5799880397832669,0.03675009855374968
0,3351,0.44834306747111924,0.7346344238080992,0.03206479944925207
0,3352,0.8275434147538073,1.3319041941599736,0.03968094643816257
0,3353,1.3735228368927914,1.9464361057571644,0.07987699843810551
0,3354,0.3253530982602274,0.6256790351158218,0.008372936684322362
0,3355,3.312047103306606,4.2487876981812045,0.10846840045414194
0,3356,0.333087926206852,0.6566590545220796,0.007106006060843965
0,3357,0.5934463020393052,0.9914895534071321,0.03085191737117107
0,3358,0.983748843839929,1.4756232657598938,0.05567662860849249
0,3359,5.02083169709972,6.535050780352017,0.12164917189161432
0,3360,0.3261966379167394,0.6105166804252489,0.010875642156052004
0,3361,4.0280050675091985,5.29334697353303,0.10599404512913171
0,3362,4.23070223643705,5.430128128210439,0.11884243081229398
0,3363,4.362348699162967,5.8086889095806375,0.1078969665266249
0,3364,2.851616547114441,3.907770823823495,0.0857160817638856
0,3365,0.6853087300341684,1.047213340276932,0.056248602335839
0,3366,0.5335485208027995,0.93629159779588,0.02177133617120281
0,3367,0.6943901645902628,1.1616033000244521,0.031533984741628274
0,3368,4.231781393603198,5.510132022920828,0.11274036663614624
0,3369,0.308825771576658,0.6176515431533162,0.006336328330203879
0,3370,3.9607738044473093,5.219144648568591,0.0986667750181167
0,3371,0.8280923760676343,1.3259336259654384,0.039871272133776316
0,3372,3.164885658700854,4.2476096998353565,0.09601593436879334
0,3373,0.6036375885514873,0.9916903240488717,0.03416706579738578
0,3374,2.12855801732637,3.0875786624953947,0.07223774717059192
0,3375,2.2883203259422804,3.21601775537834,0.07797857722465255
0,3376,1.3055888512238667,2.0505424898633673,0.04905208350744219
0,3377,1.3960503176648809,2.025790406611538,0.0678016407220787
0,3378,0.8874142343920114,1.4521323835505644,0.03735418976667807
0,3379,0.5934382072353637,0.9017608512179827,0.05523363900637423
0,3380,1.3541628727281907,2.077939580565672,0.05332198162249068
0,3381,3.6124517122159423,4.810264648371753,0.0957299747197799
0,3382,0.5175410192639295,0.7982412331019929,0.055345540808120146
0,3383,3.8926087838025167,5.325602127290256,0.09624825568695278
0,3384,1.9303873705243,2.751601887266682,0.0741262371099316
0,3385,0.6096451182023118,0.9421788190399364,0.048192604358448465
0,3386,0.3591658294410876,0.6325952995962384,0.019127603314656502
0,3387,2.2903300610411086,3.1091527253511417,0.09073447254141088
0,3388,4.708061706983458,6.23567747361107,0.11603226218992954
0,3389,4.97346986930146,6.405620878786173,0.12439209986286912
0,3390,0.1407437404435784,0.2615170852836761,0.009047980930851808
0,3391,3.0228281265010852,4.2964916629481715,0.081581071796376
0,3392,2.7542319390600833,3.94773244598612,0.07832747596108967
0,3393,3.086302201490616,4.115069601987489,0.09451335353924781
0,3394,1.9680614904180342,2.713853213102763,0.08424904491988547
0,3395,1.4923672615069925,2.2470302517008696,0.05812930972377586
0,3396,2.657469221876417,3.661087917372298,0.0867898769443613
0,3397,0.2661772589662787,0.47106370172321693,0.01490722441563503
0,3398,2.071607742084821,3.0716942382636994,0.0662805902860227
0,3399,0.5017438769210396,0.8959712087875706,0.020373774519093727
0,3400,0.5573551818810092,0.9403231596151993,0.030184108878966904
0,3401,5.263664807503574,6.823269194912037,0.12011661682158907
0,3402,2.058941506481924,3.0529132682318174,0.06689405037155038
0,3403,0.26281757525776583,0.5144514239088185,0.0057018297545498725
0,3404,2.6260949676694945,3.5377445160314416,0.09217940030358647
0,3405,3.4608471466091957,4.744709797770672,0.09074308572917159
0,3406,1.8365595058972033,2.6741113684766975,0.06628601911117127
0,3407,0.4456585628304448,0.8448943586993848,0.013390590645340603
0,3408,1.3270452766724217,1.9184458891025225,0.06963633479322412
0,3409,3.412969214411631,4.611139257768905,0.09529175968023818
0,3410,0.731957918409485,1.2244481227714221,0.03153467879996047
0,3411,0.9008407760306115,1.3537774790627624,0.05711192881343414
0,3412,2.757839489183533,3.928765752747493,0.07874253943123831
0,3413,1.132110677359433,1.6517680374588446,0.06631091687882637
0,3414,1.9691071221665735,2.840679127059975,0.06917764796007035
0,3415,3.0291720040895402,4.1409425800585735,0.09099812002585747
0,3416,1.362228144196926,1.951299774119921,0.07161478355373808
0,3417,1.331964329006952,2.03219700482775,0.05420791156504286
0,3418,3.915635551262321,5.386703051184075,0.09591346926561392
0,3419,0.38698267098095146,0.7496097892428218,0.008595352634829911
0,3420,0.10886675945334462,0.19826727715013093,0.010735797174256465
0,3421,3.789661024614445,4.973930094806459,0.10160622029476886
0,3422,2.070890184905628,3.031135354442875,0.06747275652691419
0,3423,0.3257530159124238,0.537688713012073,0.0295760106152955
0,3424,1.6609122100870635,2.3960700735682225,0.07102869564879544
0,3425,1.1776008971608136,1.8564531790535184,0.04617886514366235
0,3426,0.5991393095664536,1.065136550340362,0.02155068171812849
0,3427,2.3889409951003917,3.4506925484783437,0.07302009562541434
0,3428,2.1862810782923705,3.1867825886973535,0.06996319592318258
0,3429,0.4670590855873276,0.7793869403665835,0.029447872235856747
0,3430,1.1106930003694917,1.7043392591876683,0.050188841358839865
0,3431,3.8819210948485874,5.2312519566943525,0.09492359543931077
0,3432,1.7927269455015094,2.6890904182522646,0.06262386259837617
0,3433,0.08796508258081498,0.15519954060436783,0.017314570193166238
0,3434,2.5012759520114485,3.6331382543183044,0.07374449276646006
0,3435,0.26509654749678235,0.4639189581193692,0.019235068539428628
0,3436,2.6165125286780038,3.548045784961273,0.09223656779008013
0,3437,0.7382022069288068,1.2425639632155687,0.03154675406509515
0,3438,2.6304643699857255,3.7433531419027646,0.07842890702160393
0,3439,0.18193528627655012,0.327962292366939,0.013387083696149674
0,3440,2.0341382944016275,2.88077963855798,0.07387041952118302
0,3441,0.2561997534077141,0.5014973896491426,0.005587494101549039
0,3442,3.765610363391608,5.007670326185697,0.10273514063573255
0,3443,1.6711635004054504,2.3719740005754777,0.07486384100703676
0,3444,2.0610642089278914,2.925381457833136,0.07635875573082863
0,3445,0.9416166599386511,1.5099296736294339,0.04021305599122131
0,3446,1.6950446154898964,2.5717918303984635,0.05945286699093335
0,3447,1.0435190726759298,1.580017578966944,0.05375866457936218
0,3448,1.8171559483258548,2.6800512310504225,0.06520811475419813
0,3449,0.6606303591301476,1.0447177772290708,0.040327202365884614
0,3450,2.642172483847585,3.641913423681806,0.0862458057047233
0,3451,1.8785266538963774,2.765608684903,0.06472427792980966
0,3452,0.3386987654492045,0.6701397002102115,0.007062203714277433
0,3453,0.12967667628861465,0.24425401355732215,0.006810612716206798
0,3454,2.7422566955064,3.59138186518097,0.10239483264931117
0,3455,4.0051415820809595,5.36138000140996,0.0970040429231871
0,3456,4.88966990623861,6.105882217942629,0.13590517174030065
0,3457,4.275399202025301,5.544658340126561,0.11261143422094844
0,3458,2.6530455694234383,3.796346975031329,0.07778190015166009
0,3459,2.140596284371381,3.036389294678969,0.07353525149910933
0,3460,2.4617132840287144,3.5558080769303655,0.07328124820203369
0,3461,3.312140375709513,4.314275156052391,0.10942998939767637
0,3462,0.29926253613450227,0.5755048771817353,0.008142456950261036
0,3463,2.793955266371445,3.997980187791184,0.07901109108777854
0,3464,0.11628259976943062,0.23089206860692693,0.002260660578567453
0,3465,0.6475473408454486,1.0831700974142051,0.03250546024388522
0,3466,0.8037934161296427,1.2079353572004128,0.060143940681227595
0,3467,3.9823253193447297,5.079496580796847,0.11590589603995337
0,3468,1.1207967921820576,1.7463577924697178,0.04865760445348345
0,3469,4.396819499788823,5.695362046358577,0.10153804386706329
0,3470,1.7195377940872447,2.5744492397351397,0.06128304452263717
0,3471,1.4039953881578517,2.098105467696565,0.05981527318577439
0,3472,3.551686192729448,4.717083224718801,0.10238312651379307
0,3473,1.0215012204685565,1.6813529405227794,0.03764593159122866
0,3474,3.56391957993051,4.758112528179475,0.1011867960305553
0,3475,0.334055672759108,0.6585668977250985,0.007148023632222502
0,3476,0.4354796690941836,0.7719866861215072,0.01906692286571758
0,3477,0.42875739625694254,0.7006523304686623,0.031766363883586037
0,3478,0.36542157879321413,0.6641784101038821,0.01321392576898255
0,3479,0.9123069114532173,1.503924120698637,0.037462477549492404
0,3480,0.04469398831322426,0.08938797662644853,0.0009287823527289922
0,3481,2.6874932614439233,3.7167459998692562,0.08511544065949685
0,3482,0.7687331616978416,1.2318254277808787,0.038814774482793885
0,3483,0.860234104816244,1.3907976544933287,0.03928546090754307
0,3484,4.107333539325469,5.542692034251038,0.10093242123787216
0,3485,3.1075442490313394,4.37105125138474,0.08401906792025277
0,3486,3.847455866209042,5.23506289992378,0.0976182348075503
0,3487,0.9266572945746071,1.5255943264338043,0.036492550866638156
0,3488,0.8324903662711699,1.384079075211577,0.03460807375574445
0,3489,4.828857996340837,6.344297473915888,0.11612286603792335
0,3490,2.9304640839998104,4.160935191093652,0.08219206453754603
0,3491,0.0930744869367903,0.1765865265855542,0.004647269589792783
0,3492,0.27231599287812464,0.4989413829243494,0.014153992524516906
0,3493,0.31250247502883544,0.6250049500576708,0.006461925050101897
0,3494,0.26456651032955636,0.5019515298718293,0.007857315425866207
0,3495,0.9835212547779243,1.5496177909582414,0.04486635389062177
0,3496,0.10477940879743836,0.18506492982404696,0.016618084950066704
0,3497,0.2689602354661009,0.5208736954449138,0.006633319678649021
0,3498,3.612707425218316,4.935392657402072,0.09330107863240203
0,3499,1.6036807711883165,2.378492829178177,0.06335651954140507
0,3500,4.352379397609823,5.795414278100778,0.10858566941222551
0,3501,3.3625616185830443,4.4659021496806055,0.09571159801935922
0,3502,1.3183246192883709,1.9700806108466662,0.05860178884565419
0,3503,1.6354172736945678,2.321237420727774,0.07459658957716125
0,3504,1.0438221684592592,1.5687156017416295,0.05639506221892824
0,3505,0.25647529591955914,0.5036580086536269,0.005895081949482685
0,3506,0.7713738501669296,1.2981657478419055,0.0333608795521324
0,3507,3.198035654118005,4.337761126596231,0.09315978768515941
0,3508,4.218296659755156,5.386440350148889,0.12129064516315514
0,3509,0.4350875038256143,0.6880453548870179,0.04682368865159931
0,3510,0.49163624226050306,0.8305904217071853,0.028312403327877034
0,3511,2.579061087695865,3.7109823428512723,0.07496775533991165
0,3512,1.6432834929985125,2.2832991692189855,0.08400770692438685
0,3513,0.34974671479323344,0.6192967306529866,0.01722194715344963
0,3514,1.8521035595484083,2.604830139899634,0.074949966610147
0,3515,2.8406211472690934,4.026814593381461,0.08053706827320446
0,3516,4.030093708549173,5.423477171611386,0.09632313897015955
0,3517,1.3868989810908459,2.1202018906331332,0.05480610444301537
0,3518,0.4018756445148702,0.6449261840118875,0.03928781605274039
0,3519,0.37991648567748426,0.7359221435850573,0.008490586289609617
0,3520,3.9325539474682674,4.960155983992638,0.11611614302675248
0,3521,0.714833235607883,1.086384973889947,0.052827324201522315
0,3522,3.625647361264237,4.853379801057418,0.0953194298319145
0,3523,0.3877540121428775,0.6550875236202651,0.026315104096016194
0,3524,0.06562809278915531,0.12709665857054725,0.0029530534789632946
0,3525,0.8365361134478854,1.2858755115284637,0.05096174778376645
0,3526,0.28253719862671567,0.5570019058640967,0.0060934648075118315
0,3527,0.6737680543795526,1.0995233280058958,0.0345409574547206
0,3528,0.14233773060614882,0.249541464417109,0.018848767073955375
0,3529,0.5573066230290884,0.9761740212292952,0.023007675047279828
0,3530,3.7375367960248838,4.9188308092762725,0.10514811465539542
0,3531,1.903038412181317,2.870869376090673,0.062342975983294364
0,3532,1.5682168911831158,2.3133365190380775,0.06431499795955854
0,3533,0.22806421504283875,0.3940603209284492,0.02182580785479642
0,3534,0.7576579164474601,1.1824718927214695,0.04472253030706843
0,3535,0.9070206362018524,1.49326568155183,0.03700635434987218
0,3536,2.671532143374357,3.700143449914216,0.08560562787195652
0,3537,2.0944606775123082,3.005095754691573,0.07391501190792625
0,3538,2.59536282682506,3.7553015203781612,0.07474234664886896
0,3539,0.45915769106469867,0.711952374909308,0.05820662449892773
0,3540,3.372518090050028,4.598888304613674,0.0942914716288555
0,3541,0.32065986326795093,0.5222723521489979,0.03672429471750891
0,3542,0.39452310293623616,0.6866699576421831,0.022524992820027217
0,3543,1.0169860297023507,1.6480074818670623,0.04102416380396445
0,3544,2.2456869572627536,3.2098677704353484,0.07533647664586633
0,3545,0.2191990410080712,0.3808583337515238,0.01719948380270679
0,3546,0.2389116636400329,0.40014039370385873,0.028615082872437872
0,3547,0.0818782310667102,0.1637564621334204,0.0017018765474598654
0,3548,3.9054255654757086,5.319822932431775,0.09526655805905006
0,3549,0.5334656729195454,0.9344143952412415,0.02341571595517726
0,3550,0.4713788725728828,0.8118191694310759,0.023205377111684824
0,3551,1.2200087537568973,1.7897930618301743,0.06368609107411857
0,3552,0.6477345679217639,1.0516161220376876,0.03798928520887417
0,3553,0.3215192426337824,0.5520424732014001,0.023153059055050346
0,3554,2.1932036501916063,3.234669070673654,0.06988912326557353
0,3555,0.5608149235623168,0.9416151803021617,0.029879238026476036
0,3556,3.695035112483713,4.767169652893496,0.110591274330187
0,3557,0.2192405433904372,0.4305375888319457,0.005147898134806067
0,3558,1.2650531565906413,1.9571116481372857,0.05139983716189584
0,3559,3.0114497041860613,4.122626333003378,0.08803157696746064
0,3560,1.0884704522729616,1.6266586203412587,0.05812886483180516
0,3561,3.915140196124498,5.362039833822683,0.09500775684262917
0,3562,3.1082047735150167,4.064575473058096,0.1061347970198907
0,3563,2.585896170243033,3.529953502236521,0.08975412838575998
0,3564,1.6004605547322,2.324691308549564,0.06544547134350853
0,3565,4.210338007100246,5.32169626278153,0.12262136454069472
0,3566,0.08660101092651032,0.1631869389567576,0.0048652897978495625
0,3567,0.2911533374741024,0.5218072801483913,0.01608616616790227
0,3568,0.18124156187840573,0.3413796542230243,0.008010968796584214
0,3569,2.2220019092137044,3.221902768359872,0.07016240353557746
0,3570,0.31320585086003694,0.5278098597826548,0.025795976858314314
0,3571,0.17231176330706574,0.33240283418100613,0.007213002684880301
0,3572,0.793443856874706,1.1923821089346143,0.05875669777887274
0,3573,0.556033149596703,0.877439594450289,0.041867187240182645
0,3574,0.061883321756087746,0.11090777145896248,0.00917274524374622
0,3575,1.043452691985948,1.6511104361424707,0.04509171013452301
0,3576,0.036379633149655505,0.06759729132537341,0.005774532841436226
0,3577,0.38398608825532904,0.6634696335044609,0.021841955871566083
0,3578,0.33356317887641584,0.5420401656741758,0.03618826240388068
0,3579,0.4406066467290255,0.8212668109098846,0.013860583547218034
0,3580,0.9728906349913915,1.4170363596613742,0.07197165185472942
0,3581,0.5823605164352511,0.9352024763930801,0.038906002066765755
0,3582,3.384455291951178,4.560108182839481,0.09716032320811926
0,3583,5.085450217668251,6.5083222992956395,0.12073049275747931
0,3584,1.8379640394976196,2.6559590241091975,0.06978350784565827
0,3585,1.2976950542178283,2.019489936445495,0.05016576211495468
0,3586,0.24894604715838517,0.4978920943167705,0.005073326551786844
0,3587,5.281485615407313,6.469819878873957,0.13266334340252328
0,3588,0.693000932554749,1.0780014506407212,0.046732493737785506
0,3589,2.04128001970693,2.9066052454522593,0.07442778329915664
0,3590,0.3338021245538065,0.5767593671087922,0.02242545599556841
0,3591,0.8928921338837663,1.3148081971475245,0.06893027383917505
0,3592,2.44383304113704,3.5696437679529796,0.07170984216659249
0,3593,1.2534840672618115,1.8220041633423052,0.06697408114619662
0,3594,3.4357019575630825,4.76143477814449,0.09142212308473101
0,3595,3.0922095292670635,3.9934565277469116,0.11370584688982216
0,3596,0.5882995691613282,0.8776793572352789,0.05934400803682273
0,3597,0.41607637376152923,0.7505691448247193,0.01807318583717468
0,3598,1.7397598003197425,2.475812023531942,0.0746680864235519
0,3599,4.811693144323651,6.088264794858495,0.12798563858862316
0,3600,2.229762363596858,3.2873067989027964,0.06878163846384923
0,3601,3.22420634736763,4.214978089527475,0.10843160055129146
0,3602,1.6972073729473016,2.5458110594209518,0.060572978606349956
0,3603,0.6526409019063549,1.1379379828110803,0.0251035915309746
0,3604,1.6765501724768441,2.5434028184733943,0.0593201872514838
0,3605,0.324998373655616,0.5462322063248004,0.02399551600745471
0,3606,2.0628777669747307,3.1002105869391667,0.06436728469198308
0,3607,2.7739362877507134,3.7521138207996487,0.09149593836876936
0,3608,2.0694038031833593,2.9790318485386806,0.07247493908238767
0,3609,0.6442358568899623,1.1232830325260883,0.0249618718650531
0,3610,2.4669737786905417,3.643748627146374,0.07197017802616895
0,3611,1.7761687089054454,2.7006073936574024,0.0572892746941312
0,3612,0.2912379332911213,0.48480460846631784,0.028493919269183744
0,3613,4.376702553823482,5.859134063989499,0.10688695078565212
0,3614,2.178653031396308,3.1243320944749247,0.07187986996566384
0,3615,0.5062499490056241,0.8647126458170599,0.02728641998282405
0,3616,2.0151084494128066,2.9539657951619547,0.06858954509461486
0,3617,2.8238837842239763,3.9812132039879002,0.080947781784159
0,3618,2.385350050551286,3.37060333230073,0.0760470918873364
0,3619,0.8107598524394078,1.2483859091538612,0.04824695870670712
0,3620,2.938669015980556,3.888085159605044,0.09956946902051417
0,3621,4.75888462373307,6.18655001085299,0.11647935770279816
0,3622,0.24978737547077384,0.42093798458963744,0.026167246546231638
0,3623,2.0649441358734273,2.8515895209680657,0.08341070606541333
0,3624,2.3685697761228255,3.162162742349544,0.09529306532464141
0,3625,3.476046586632661,4.7725180162416,0.0911346462667464
0,3626,0.17736844106287167,0.3509087862754655,0.0038581893646970323
0,3627,3.8671632868315022,5.211364429313042,0.09676214636777601
0,3628,1.9129881666292499,2.7118183900568495,0.07628044483088871
0,3629,0.2998737966731956,0.5514457737480241,0.012900246491932743
0,3630,0.31518401898208115,0.5024933788342895,0.041322293920674096
0,3631,4.791786620308616,6.295591995831002,0.11535876432198934
0,3632,1.637559741226271,2.456339611839407,0.061691921941850664
0,3633,1.6399573318649063,2.401042502454145,0.06560076444274968
0,3634,3.1077321335706176,4.3340264349255095,0.0861858978725786
0,3635,3.4332276036286653,4.681674004948181,0.09174627058181524
0,3636,0.3385066363550032,0.6509743006826985,0.008506659809753462
0,3637,3.4337893748844346,4.78822851719996,0.08999952533235674
0,3638,0.2810214899913635,0.4649628288948016,0.03049989286243247
0,3639,0.10330337714989739,0.2051203747724581,0.0019992618041955374
0,3640,0.4417581557693691,0.7787403386960031,0.021242443261215105
0,3641,4.063518878392169,5.396525071303888,0.10306867611066957
0,3642,0.2890862823287307,0.5699129565909262,0.006218150699269209
0,3643,4.785826676283899,6.22157467916907,0.11836951465367047
0,3644,5.03382407606739,6.191603613562894,0.13094368590262856
0,3645,3.292765423076867,4.419701182846492,0.09657761633363827
0,3646,0.06893436446653342,0.12471677781774136,0.012455907731914484
0,3647,2.9545108924518626,3.9139654606192193,0.1010352071717928
0,3648,3.114388091377752,4.373758139257279,0.08649540479620033
0,3649,2.398341844930292,3.3965706128201982,0.07817538382667286
0,3650,2.1840370577750363,3.1493573043054384,0.07192199503089684
0,3651,0.9738604565984846,1.4607906848977272,0.057629385580933695
0,3652,0.09048510021407953,0.17966825654018667,0.0017790986356280806
0,3653,0.9700972113766687,1.4997479877030109,0.048521279629507134
0,3654,0.3130369089560366,0.5198648666591322,0.02477564014070828
0,3655,4.001416177461568,5.231018023660696,0.10361917933700182
0,3656,2.84355062020812,3.8678403597454527,0.0910142298732596
0,3657,1.1580416667546507,1.8696094378930506,0.04320255226059337
0,3658,0.6769497402026781,1.079137527028975,0.04100565995021293
0,3659,5.232847799221482,6.71229167962965,0.12142293120867197
0,3660,0.9151952905203112,1.3702365243544326,0.05855900255519596
0,3661,1.130365097315341,1.7510858154942857,0.049695011364765417
0,3662,0.5413275308710526,0.9033195607173391,0.03078224968975814
0,3663,0.8085580849167353,1.2219220496775378,0.056287314869037736
0,3664,1.8806668298628502,2.7028162636826756,0.07278510842853875
0,3665,0.4807349682009502,0.8542997205609242,0.018820063920544042
0,3666,0.5832493176642245,0.8748739764963368,0.06425440988268212
0,3667,0.4679766291857249,0.7454976534702829,0.04099348106378142
0,3668,0.560341351477726,0.8932500367674339,0.039097898068526725
0,3669,4.882843226979753,6.484205790666657,0.11404615048830895
0,3670,0.33063529178280954,0.5817507032634243,0.01778485668876232
0,3671,1.4093360471708758,2.1060864525137815,0.05934067204010051
0,3672,0.45961918384174677,0.8102261253620535,0.020848499906964055
0,3673,1.7115530307728815,2.5722762312193588,0.058934056962268624
0,3674,2.732896118193807,3.8955093839447623,0.07895638205067974
0,3675,0.3840780971366391,0.6745987090733276,0.020983533721099495
0,3676,0.9756796940161446,1.5027710229673947,0.04984173570681684
0,3677,0.5097715501755724,0.8872606094828005,0.02377387741169441
0,3678,0.8777970388890408,1.427742171686994,0.03879191188691365
0,3679,1.6608262212495968,2.5053141303595616,0.05962553805161905
0,3680,1.937929534421366,2.918161333808917,0.06335143314651923
0,3681,0.3654069530511781,0.6882665211580409,0.010934738386468686
0,3682,0.7671809244141978,1.2913418044487432,0.03141657490608067
0,3683,4.831823014474617,6.176763441184046,0.12556573974297564
0,3684,0.4137709539439366,0.7382971923313376,0.018060290121877036
0,3685,3.837466039938265,5.14383745778959,0.09761664520358658
0,3686,4.47256145568487,5.688180723127424,0.10843270260609583
0,3687,0.2078518522262468,0.35841120672346405,0.01936538279472366
0,3688,1.4894729240721734,2.2174737352759886,0.06092819344743398
0,3689,3.5378600634669954,4.590146646446922,0.1030227972991939
0,3690,3.189514256928073,4.297450788282036,0.09265538082883004
0,3691,0.8318363249810046,1.2955611728152427,0.046155862606755735
0,3692,0.4073391226161281,0.7038201295835631,0.023247311072575202
0,3693,2.9236200012115074,4.121824919740813,0.08299228832685161
0,3694,0.8725272392032701,1.4632444384154222,0.034009084799557915
0,3695,0.4223034020373925,0.7737505285651556,0.016132091786780635
0,3696,5.286265738959686,6.508216613292075,0.13149632561014213
0,3697,0.04830366744033998,0.08947524975526064,0.008223749153803738
0,3698,2.3507446911202323,3.2859872026411847,0.07811970710855655
0,3699,0.4489551984612201,0.7446086218381212,0.03063529113852168
0,3700,3.0534832958683786,4.364583468105648,0.08106064335470335
0,3701,3.319909160586073,4.644244508798003,0.08646197574337902
0,3702,1.4009188626772087,2.1293966712693573,0.05555080000143028
0,3703,0.7379475348639256,1.2019265238502266,0.03608143686313825
0,3704,1.5408660486691725,2.3246591832523356,0.058337951370756175
0,3705,0.4135849372686331,0.7527245858289122,0.015742560930529705
0,3706,2.432422363145509,3.2939052834262115,0.09073097831108638
0,3707,5.392007577138124,6.9164495099415735,0.11896540391942188
0,3708,0.9112818257953349,1.3567973850730541,0.06017941359035918
0,3709,1.3507870036748697,2.1272873171646154,0.049003999222953634
0,3710,5.343745100563594,6.748544070299386,0.12211746477715983
0,3711,1.6192469589788685,2.415301329873508,0.061102069397937095
0,3712,3.125359258029809,4.303773404500065,0.08997068865043627
0,3713,0.7359944024513229,1.1420602796658461,0.04739022798820368
0,3714,1.187372662711751,1.8648735349649264,0.046890406240694155
0,3715,0.3100605679165361,0.6047280579932443,0.007249448327585764
0,3716,3.822469006168356,5.123735050821415,0.09881604769892638
0,3717,1.3086147538292021,2.0230883263221577,0.05217834522032725
0,3718,1.3819335316524515,1.9837432954365835,0.07009381015694763
0,3719,0.17376641589503028,0.3387820050903109,0.00449348732586803
0,3720,0.0287880131511818,0.05442117554606969,0.0031185840501494013
0,3721,0.7073734646987198,1.1436576974170918,0.037770296408752416
0,3722,1.4255000819927386,2.191809374624673,0.05488863080899318
0,3723,0.7476058065231463,1.266257334798579,0.030551250214728282
0,3724,0.4133894454126189,0.775813068788066,0.012832188924101411
0,3725,3.2780322399519717,4.667028951796028,0.08473028660417646
0,3726,3.11089413089708,4.1915205132086975,0.09214710424186304
0,3727,3.777108767111761,5.029412208614055,0.10034026412884957
0,3728,4.321344820606827,5.723483299633511,0.10935002911331161
0,3729,2.576577696977863,3.498721293790993,0.09134643142678409
0,3730,0.3599042193761211,0.6179487540231511,0.022778545607803343
0,3731,2.0921820461115694,3.02846240928857,0.07096428947626443
0,3732,0.5569416711131334,0.9937586680646107,0.02077385277742617
0,3733,0.25609796303366195,0.42117315607343214,0.03445382316037977
0,3734,1.1661562526957747,1.838411033661574,0.04670715578118169
0,3735,3.4045702472150223,4.72125487320978,0.09096768447489618
0,3736,0.4376096197569715,0.7179942264276059,0.03311342497788607
0,3737,1.1193125657169387,1.6915453942576206,0.0548424765363749
0,3738,0.4144309614673614,0.7252541825678824,0.021043855466708762
0,3739,1.631209027176149,2.405805492594991,0.06348215726090932
0,3740,0.11623907021553956,0.20104241703945522,0.02320452309847152
0,3741,1.5105883777122884,2.1212517644470426,0.08219649840494407
0,3742,0.3618024449069421,0.6617176295008549,0.013173305829328467
0,3743,1.9252898924080513,2.732669524708202,0.07234410935419132
0,3744,1.9376525361294084,2.7293815293865857,0.07772114823724618
0,3745,4.202710335709342,5.285226634301144,0.12465813720184628
0,3746,3.0418044891758833,3.9933433293796208,0.10333193131880455
0,3747,0.3622604099788027,0.7193084399579103,0.0077348145591243905
0,3748,3.6564096928531242,5.000387309685624,0.09350228350361256
0,3749,1.2521263132289988,1.9257849144984014,0.051904068554362165
0,3750,1.521840905156976,2.282761357735465,0.059203759120824026
0,3751,2.9039265369111535,3.79288364004722,0.10398515197571771
0,3752,1.129796803358538,1.717035819793484,0.054139242197423325
0,3753,0.25724075751158704,0.47503793220473073,0.010677727746337452
0,3754,3.006542564988336,4.115908538165852,0.08846644846943255
0,3755,0.39300059372744356,0.6325216656441695,0.03836070253556182
0,3756,0.3583553710874826,0.6891449443990049,0.008717709910544333
0,3757,2.882965857336067,3.879173954635441,0.09662599028215611
0,3758,1.077355303005778,1.7843697206033196,0.0369903458225897
0,3759,1.8750916170520802,2.694803799369929,0.07346236984661164
0,3760,3.2673683751500535,4.521331373180615,0.0882007581151245
0,3761,0.5515315670253088,0.9034290085629294,0.03247938448835849
0,3762,0.779148529192753,1.237471193423784,0.041952548674752836
0,3763,3.9448346974211277,5.457021331432559,0.09555098101094993
0,3764,0.8706076874296914,1.4108040236059454,0.038481813413131505
0,3765,0.6226521049492504,1.0926540164270713,0.023869799891397925
0,3766,2.168475014561244,3.026588121927724,0.07906175473999195
0,3767,0.37185456767831665,0.7075566079434638,0.009899609058322326
0,3768,0.07246820413055347,0.13245843933796528,0.007647276677571844
0,3769,2.739153445953548,3.8767253688632186,0.08145492905287631
0,3770,1.4969393655686027,2.124688131774792,0.07647467776368835
0,3771,0.8711651712596689,1.3545863067563637,0.045656138497174904
0,3772,3.5947412024120178,4.786681706369687,0.09790334002509488
0,3773,2.259676244623141,3.240524724432088,0.07418388105313356
0,3774,1.4320779275712385,2.296563993605096,0.048237109432699675
0,3775,0.4524402175433604,0.8215361844866281,0.017765060997666234
0,3776,3.5634365905403156,4.6955700906598965,0.10137041735396317
0,3777,1.7008435857059574,2.485848317570246,0.06594453556932674
0,3778,0.9336432503656971,1.4330338261426976,0.05015358776433157
0,3779,1.119168611078424,1.7960310644851358,0.04391325647959776
0,3780,5.311709518125245,6.605933157059314,0.12578125185313538
0,3781,1.9016024768407909,2.732904106060809,0.06973890119748337
0,3782,2.0779994522895184,3.0811716016706656,0.06598673601418183
0,3783,0.21081540111193098,0.3442902408691891,0.03524006780218181
0,3784,3.530076238621277,4.580047632672732,0.10699520155177457
0,3785,3.211894521180087,4.373643603309054,0.09110808969355123
0,3786,0.17495801069802042,0.34129133072782847,0.004134309948904948
0,3787,2.7009905803037983,3.6676608932546313,0.08958053798039664
0,3788,5.367380400371927,6.849001031724594,0.12048889718533747
0,3789,1.387322271491595,2.020002208490509,0.06666409991429598
0,3790,0.4043233142327733,0.6795554498249625,0.025977391030678903
0,3791,2.0161642805778506,2.9184256437093747,0.07019853648696242
0,3792,4.443158991349705,5.846261830723292,0.09975605509892498
0,3793,0.44381770887392297,0.7696585584269299,0.02352574395229664
0,3794,0.2795432959752043,0.5375832614907774,0.007797412476088296
0,3795,0.22160552265445632,0.42028633606879645,0.007798742690450821
0,3796,0.5738889060648686,0.9635665583311372,0.029236864119714847
0,3797,0.20793793572392832,0.41587587144785665,0.004325339390593806
0,3798,0.7051477829907999,1.1307399360385018,0.038752378650452765
0,3799,3.456205876722533,4.738346766474442,0.09097497173299929
0,3800,0.6656672459090598,1.0933080220688194,0.03418013246442901
0,3801,0.3946172116322071,0.6236766275796377,0.049642570192759645
0,3802,2.217298747038721,3.2689318670627996,0.06930835049207433
0,3803,3.4106958753456627,4.6262098309209785,0.09285237774829323
0,3804,0.41628144650026466,0.6749178481720267,0.035495880813130674
0,3805,1.4600236155272166,2.140821144115751,0.06358505728092019
0,3806,1.4885940733520857,2.167458403507158,0.0672493652966999
0,3807,3.02457780182918,4.134662207819677,0.09151481920601244
0,3808,4.572450592976871,6.121183858340007,0.09842530824238133
0,3809,2.1256228707804885,3.0467261147853675,0.07249821709187802
0,3810,1.5539903246968418,2.2665936227622443,0.06717035505757694
0,3811,1.7710992428787669,2.490904282765323,0.07930060725895513
0,3812,3.0334891580979972,4.044652210797328,0.09902354375519
0,3813,1.3977846510562328,2.2214791775715135,0.04868867091145353
0,3814,0.4606219055835701,0.7413559663830239,0.03836841616263785
0,3815,2.399109149488308,3.3900455373204372,0.07768001117164841
0,3816,1.145628866218864,1.7509895739367864,0.05305662279140488
0,3817,0.8285056080377627,1.3723712525778893,0.03457177028545585
0,3818,0.20926060956126077,0.3817592201455434,0.010355100316806849
0,3819,0.33656973982082666,0.607632617528875,0.013404769239882283
0,3820,3.2863036892217528,4.547533753733885,0.08706725977216648
0,3821,0.5744420089961536,0.9157281437526922,0.0406043498218599
0,3822,0.16756815023181526,0.2772853914550277,0.024625990339075046
0,3823,0.45218725148972216,0.7083395673625128,0.04915563461516421
0,3824,0.3928017736366077,0.666271362877284,0.024267262004053748
0,3825,1.0149622571249681,1.5966365331381083,0.046291412176108396
0,3826,0.37272844062680405,0.6607458720202433,0.018860948804453048
0,3827,1.2318505069766472,1.9265568975390588,0.049053539954980914
0,3828,4.605112728568633,5.910685924812318,0.12190623540132098
0,3829,3.244006376183373,4.440992686111998,0.08889897813535254
0,3830,3.4582475035548783,4.759738499516393,0.09264549136922544
0,3831,0.35794524059567784,0.6016993614921209,0.027209664903867767
0,3832,2.4046472956814156,3.3978711786802616,0.0772473039552294
0,3833,0.2385004716956971,0.4685434798560859,0.0051608123067430805
0,3834,0.5521473783897918,0.9549718808628475,0.026028125576904766
0,3835,4.8841423902514585,6.037683557798283,0.13695467607859155
0,3836,0.16601170321270678,0.2793855493091895,0.02825550848671394
0,3837,3.965075059917593,5.1037632822529,0.11455758958442473
0,3838,4.239904756119233,5.54961355512989,0.11221856950622398
0,3839,0.6727636064728011,1.1322119230883723,0.03169398977419774
0,3840,1.6924829241517114,2.5289974728703726,0.05954376299676641
0,3841,0.2148251439662046,0.36654540189233653,0.02284667465358579
0,3842,0.18114848611838072,0.32165468368456074,0.014084191079951429
0,3843,0.36560258363274517,0.708033172528204,0.008753470298330328
0,3844,0.32362435015731295,0.6402640021097921,0.006754464029779803
0,3845,0.6883843299737055,1.0933162887817673,0.04053179944062702
0,3846,0.5018951023117054,0.8024310917199121,0.03905918805781468
0,3847,1.0866852221763181,1.7232641393091916,0.04431466155822186
0,3848,0.49607113163127353,0.8596512156840082,0.022536501759087526
0,3849,0.1956101708216534,0.3544613833680966,0.010728479008254691
0,3850,0.4281391798492475,0.772329500904525,0.017895461407687344
0,3851,2.898908279840197,4.007780299451199,0.0859247154262777
0,3852,2.568250715141269,3.6936639498660933,0.0769458856153151
0,3853,0.30593981526631847,0.5286175289095252,0.02105377767706448
0,3854,2.9842612126681316,4.015471893485392,0.09585069844098651
0,3855,0.7171205039947661,1.2217608586577497,0.030690874351708863
0,3856,1.2388289966890382,1.7566464080035038,0.08503808237910651
0,3857,0.3512719393704408,0.6851048462898665,0.007951092059137832
0,3858,2.415571424885236,3.4508163212646217,0.074918492163385
0,3859,0.487110779428296,0.8780812734431129,0.019194494674836526
0,3860,0.17443824083171544,0.3263300423722568,0.008101145942979079
0,3861,0.6118766191349163,1.0600664993929765,0.02523878817317107
0,3862,0.2959738852482461,0.5693386542622512,0.007453535184472706
0,3863,0.21269910959390648,0.3606637075722762,0.02460904560684345
0,3864,0.522745319971822,0.8886670439520973,0.027077288582767086
0,3865,0.992408113657286,1.5520801312430808,0.04739807487083051
0,3866,3.3797637004365444,4.5122499665514075,0.09420294656363215
0,3867,0.46461402273537544,0.8436412518089712,0.01767710396173399
0,3868,2.6448392362824653,3.688478502491221,0.08360138723081793
0,3869,0.3685541178430178,0.6958714113119916,0.010707890770784548
0,3870,0.26326764665933616,0.427044612895086,0.0360005627788412
0,3871,0.33261017416226357,0.6225203935334259,0.010871339751058303
0,3872,2.6047482774808994,3.533036227434198,0.0916987078993013
0,3873,0.29206469714040756,0.5069802289984432,0.021544995305604133
0,3874,0.778861364087893,1.2745004139620069,0.03587767849764185
0,3875,0.5411266828922272,0.8490091059171154,0.04489489150779955
0,3876,2.0086158724582757,2.984553528002974,0.06591490500115525
0,3877,1.3721865743627135,2.1678923985493754,0.04907107906183489
0,3878,0.26360432553432095,0.43009126797704983,0.03707993997956663
0,3879,4.205242972621519,5.315256346105371,0.1234149666229076
0,3880,2.893804496013073,4.063976805876284,0.08322158688466111
0,3881,1.3826268945122029,2.101592879658549,0.05667313562758771
0,3882,0.6212301631086219,1.0081040371403382,0.0361108469453224
0,3883,2.9175906940904106,3.8210071019052094,0.10620559046135808
0,3884,2.509601522893441,3.551840406718041,0.0774845615607749
0,3885,0.39635870010882995,0.6351010750281839,0.03939215025723194
0,3886,1.6660777366297117,2.5275156572734825,0.059741209327984
0,3887,0.8700379667920393,1.4374540320911957,0.03549021899806891
0,3888,0.3332032731997907,0.6050269960733042,0.015296073808540016
0,3889,0.25401999467464703,0.47981554549655553,0.010308963542091366
0,3890,4.1087492335763525,5.255861963762643,0.11699601623784017
0,3891,0.8450198896729236,1.29891628755438,0.05071086701551733
0,3892,0.1845493006845457,0.35870145766855377,0.004617244609135502
0,3893,0.6882073069809009,1.1703907704707042,0.027671159962792957
0,3894,1.8919761518392804,2.7340094941413775,0.0719272239764715
0,3895,0.6446747979009633,1.0135927458327285,0.04193328042812333
0,3896,1.3785421698607898,2.177933487294857,0.04889057331411935
0,3897,0.7085770582549625,1.0870216234593173,0.05185950127986822
0,3898,0.14568658018815864,0.26903455141413296,0.008446066416325778
0,3899,1.2264113738816338,1.8819071081976795,0.051302587867517783
0,3900,2.3852860793485062,3.2344978772317434,0.09063976971998364
0,3901,2.0291693855121595,2.8737425892118154,0.07443346354641549
0,3902,0.1710797134616779,0.3200470830065402,0.008408115680461856
0,3903,0.666471218399411,1.1216222943794967,0.03191439536238518
0,3904,0.16274901084475754,0.27587942082221095,0.028156662317654565
0,3905,0.2557236504363088,0.45535308077691133,0.017365876656467185
0,3906,2.137583721184348,3.0809865925450373,0.0720168044783829
0,3907,0.5983420734467922,1.0480514025341905,0.02526738951195675
0,3908,0.26418575723489635,0.4700447888465039,0.016311765350033255
0,3909,0.4513448303472075,0.7709306108415034,0.025362656523611055
0,3910,0.2243159781176395,0.40611454861821,0.012306506043907407
0,3911,1.3959517349147088,2.126391596207288,0.05438032820562777
0,3912,0.7307079352058758,1.1273779571747797,0.048009416687172575
0,3913,3.4996348964798916,4.6291466884654655,0.1013999156244428
0,3914,3.506028357412562,4.86629072558902,0.0901511085922359
0,3915,3.913805303529979,5.331237494538135,0.09469676428651282
0,3916,5.53355983043249,6.750942993127637,0.13419694500931761
0,3917,0.4668925820768817,0.8877535011320993,0.012119179744702698
0,3918,0.3131812318180109,0.5107836757031845,0.030882915194243115
0,3919,3.5142868181244347,4.467912386861718,0.1089350946829562
0,3920,2.816466421047265,3.8191874505300607,0.08889758616267024
0,3921,0.38039842771383303,0.6317331031676157,0.027445581552932873
0,3922,3.2569037810604566,4.489245752272523,0.08996417426034517
0,3923,0.4745861238529334,0.8156949003722296,0.024540810372806192
0,3924,0.5220634470400776,0.8658613267981774,0.03190954156526634
0,3925,1.979017186870015,2.8706622930422196,0.06874223415660664
0,3926,5.19983429328476,6.600825916345939,0.12392326637257108
0,3927,0.41515639891886974,0.7483740348932257,0.016910514414282467
0,3928,0.6854470172449773,1.1535571753634983,0.03127082861805378
0,3929,0.23923113308265664,0.41787775843658853,0.0161818630934376
0,3930,0.7947558039282983,1.354583791601062,0.029941233083564337
0,3931,4.067348369910754,5.430342770465953,0.10304110113861967
0,3932,3.9939768180781714,5.120483100100222,0.11320820680822356
0,3933,2.5751589855045713,3.6052225797063997,0.08070223744994096
0,3934,3.6800303714613074,5.032690183674112,0.09356234717262656
0,3935,0.9929086177008356,1.538147454010543,0.04902470597967647
0,3936,0.07921993283606098,0.1425958791049098,0.009154075262429187
0,3937,0.6623169794773962,1.1288547260275112,0.028124599865451426
0,3938,0.44073047560368306,0.7497792847160218,0.024284899458658263
0,3939,0.6511682407996283,1.1081993663298024,0.029455214889782134
0,3940,3.2374477821007175,4.425659999999385,0.09134208012004597
0,3941,4.654365791171232,5.806203789996437,0.12706700954516092
0,3942,0.6241068534697994,0.9700403665359166,0.04481861041858918
0,3943,3.053089292603863,4.212283622950785,0.08856723923765517
0,3944,2.7638024502740746,3.652167523576456,0.09806841252076491
0,3945,0.2632966799375402,0.4874546642086892,0.011235287215665208
0,3946,5.669426454381841,7.319259549572324,0.12001970571584347
0,3947,1.277102015501822,1.994071568064249,0.04985617961640658
0,3948,2.2077261289346737,3.1316115198475543,0.07633217086054012
0,3949,1.2352525014531595,1.8954736660229512,0.05272954968779943
0,3950,0.22994281306304018,0.436098438567835,0.007523393542217808
0,3951,2.5891718586187076,3.6726839951058836,0.07782538634022985
0,3952,3.9686845788955054,5.256948683039595,0.09839601711051807
0,3953,0.32874413320609086,0.5705301408544413,0.019345439448389973
0,3954,0.2020838604770401,0.4041677209540803,0.004150462042216545
0,3955,0.6393809432433558,1.0736774329935599,0.028450146861553078
0,3956,0.37193426714394034,0.7303926550435348,0.008089176725950397
0,3957,1.842311319501559,2.7266207528623077,0.06654246855833591
0,3958,2.109982121947285,2.86825694702209,0.08927417941176632
0,3959,0.9441298487134353,1.5027865639284856,0.04348689096610602
0,3960,0.2622308745157721,0.5244617490315439,0.005353943748310158
0,3961,4.668634835649449,6.118368810930071,0.11768431417909843
0,3962,1.3295516164731738,1.998083220236521,0.05781330913519236
0,3963,0.4066397944433077,0.7579544467854852,0.012707559250089765
0,3964,2.255007093380702,3.306499165013276,0.06939628540231625
0,3965,3.03858892839376,4.073002180612913,0.09839850143084262
0,3966,0.14126684141764378,0.28253368283528757,0.002937330340107497
0,3967,1.048922420279239,1.5972227763342959,0.05340689231023668
0,3968,0.6433980905196469,1.1290598749764131,0.023689102772349476
0,3969,0.6485181215482718,1.0121381087747596,0.045174905312610085
0,3970,0.16756713389771355,0.2851763645215746,0.024077126017711052
0,3971,0.8645104239309033,1.4498000898220111,0.0331349909097982
0,3972,3.7660786751010242,4.917366974743308,0.1017175426449095
0,3973,0.6707780185179945,1.008020005728699,0.06460909458364247
0,3974,2.0516472975118156,2.8964432435460923,0.07706937513741025
0,3975,2.8519009142066234,4.042804592666531,0.08006740557694643
0,3976,0.51358632640893,0.8260695731999054,0.036690546907103806
0,3977,1.03673042315232,1.6389031839054637,0.043096203090267786
0,3978,3.225548259336046,4.392235927606531,0.08985588839883907
0,3979,3.316135664570671,4.31947927590231,0.10807405686632847
0,3980,0.823100801807786,1.322840574333942,0.039415638860233936
0,3981,3.6585791504492047,5.053286119404978,0.09202870286118918
0,3982,0.2801751514141024,0.5484279559595197,0.0061282049854365405
0,3983,1.8167042214853675,2.6307465502383733,0.06761877854970356
0,3984,1.4147198797165972,2.1141319550821054,0.05888963886233802
0,3985,4.092257495741903,5.18215522073849,0.12090238499890162
0,3986,5.106629055131701,6.569465503216303,0.11908727234302946
0,3987,0.4277873571613348,0.7762499063722235,0.016915749319368303
0,3988,0.22104468288311777,0.40282484972778704,0.01368186262049928
0,3989,4.201777441463741,5.284053449113492,0.12406807179410728
0,3990,0.4228352409973615,0.7828165948194394,0.014223840626255787
0,3991,4.281582299380035,5.581748652071352,0.11168282929100981
0,3992,0.34615654434644677,0.5666252958051957,0.03368222052082786
0,3993,1.1062715975226487,1.7647665960480352,0.044046339011309915
0,3994,4.073089981881672,5.438008433256915,0.09881017078833454
0,3995,1.1986783130711243,1.8288406262285155,0.05270445307951873
0,3996,2.6148686275019277,3.5884899249760487,0.08562618751036646
0,3997,3.3972151595050954,4.6015189462079595,0.0962403840084744
0,3998,0.3521243542778548,0.5840111241681496,0.029487495020629945
0,3999,0.5917338732744217,1.0627851802889283,0.020784057229877823
0,4000,4.533792851759635,6.004863936639092,0.09918868848912381
0,4001,4.294106310543697,5.627539322765161,0.1115815005747843
0,4002,4.529949460126217,5.611728435678743,0.13508082844346692
0,4003,0.2851767498946055,0.5110959933176047,0.016274412801710544
0,4004,0.3407946450323485,0.6718523002066297,0.007273278962994695
0,4005,0.41415698500972614,0.7476340378747005,0.016114141234267954
0,4006,0.19740486791496245,0.3864095286846072,0.004770476454598259
0,4007,0.28971551064564766,0.4726937278955305,0.02728364484672334
0,4008,2.6177847547948723,3.5265494106044906,0.09420457410771808
0,4009,0.7403217771707709,1.2308964487899559,0.03413355420195838
0,4010,4.013396510425045,5.372430249404953,0.09657985224646067
0,4011,0.8860828302063114,1.4060595808663028,0.041484622367036955
0,4012,1.128174289387364,1.7411707240833887,0.04921580549044165
0,4013,2.261351802522682,3.1757782144717446,0.08195499946054727
0,4014,1.368451397246177,1.9538851500787662,0.0734106604782283
0,4015,2.5253956028690334,3.5938322040828545,0.07680356880443057
0,4016,2.4272564956122062,3.5454308362874922,0.07230317035948784
0,4017,2.4354281168446485,3.5766001487375694,0.07263613140318495
0,4018,1.9314167306416625,2.908354263001108,0.063586639547497
0,4019,0.6807101186179922,1.1718553940765437,0.026876416860083477
0,4020,0.2306099971528571,0.41750960268850595,0.012123215923114933
0,4021,1.1128121663091863,1.7215858808195061,0.050039350023119496
0,4022,3.4905053890657327,4.518166874171382,0.11359179774873254
0,4023,2.507057015190404,3.641535329326844,0.0734988788476385
0,4024,3.7365845086246097,4.779793381590871,0.11019131332205544
0,4025,1.909098639940923,2.8263192155549977,0.06339842357201811
0,4026,2.8055116615742914,3.8095895194008813,0.08881292061267378
0,4027,0.5669984176919137,0.9760985418493706,0.026026158761973957
0,4028,3.58235015193148,4.720492648118046,0.09759851119939858
0,4029,2.358476444569566,3.4582154608576214,0.07168682724766934
0,4030,0.12339506267309361,0.23242220708973116,0.00701006307747449
0,4031,0.08022490343816634,0.14245062982289783,0.015867879527191257
0,4032,0.4664080409651681,0.8407618633187899,0.019472452936643743
0,4033,1.0441442874902507,1.6743378811234204,0.04290392949693354
0,4034,0.7130341841040654,1.1854740116085996,0.03256851295070537
0,4035,0.20564825072863602,0.36989977566124793,0.012929484772475068
0,4036,0.12728387666938762,0.24566678294231462,0.00471545622705916
0,4037,0.5744951656924489,0.9551422693414329,0.030820461624180524
0,4038,0.39002042272508347,0.6781883783690942,0.021745789527971827
0,4039,0.21185368379706612,0.35479110900954447,0.030873841302862977
0,4040,0.6115848442014787,1.071247338569469,0.025060014530471245
0,4041,1.2064147477683915,1.9131310793013554,0.04530907613286766
0,4042,1.565634771600723,2.2186802913058377,0.07649243828181108
0,4043,1.0377275394288061,1.6420512241549936,0.04537583291229048
0,4044,2.9046014386364747,4.0156511692624495,0.0854668903163765
0,4045,0.4617075152596631,0.8152936503635825,0.0190671174748003
0,4046,4.5552092526960495,5.977205791897459,0.10181760083192522
0,4047,0.26709131254082796,0.5341826250816559,0.005557792008881368
0,4048,3.925760995526131,5.37658571126405,0.09443929702646811
0,4049,4.738796660837615,6.128182069250737,0.11759103217133995
0,4050,0.33022472855831486,0.6180557419638733,0.012015943825456362
0,4051,0.5870334869713093,0.991758437616125,0.028825891628249417
0,4052,3.1881149797763557,4.463360971686898,0.08743542576792049
0,4053,4.7548197127077385,6.181265626520059,0.11679654703195654
0,4054,0.007457093438057267,0.014914186876114538,0.0001549183698131095
0,4055,0.30091898332662836,0.5550735300551995,0.013594533553885525
0,4056,1.6982111342092479,2.6540904552611586,0.0540541222075014
0,4057,0.7826659829196507,1.1567975242054178,0.06508396857868014
0,4058,1.12886995072435,1.6744904269077858,0.058828097403375634
0,4059,1.757597800594738,2.6615052409006026,0.06023569021824293
0,4060,0.20388569966918696,0.3627576734373846,0.015658518011454296
0,4061,2.0247097877897895,2.867426834599594,0.07593933700051834
0,4062,2.104147683366003,3.0189945022207874,0.07315306439786551
0,4063,1.448635081046031,2.2312310443697485,0.0553700026538474
0,4064,0.4877967751030179,0.8149775388916275,0.02975477606781555
0,4065,2.42176045566368,3.517640885321545,0.07209181940618337
0,4066,0.7435575840874931,1.2110638495317254,0.03582322087206682
0,4067,1.2819413176182755,1.9593307638597504,0.05303249095669845
0,4068,1.4432962947791899,2.2230080862116255,0.055618176122312346
0,4069,1.25931830488789,2.0195165499116765,0.04493448248091705
0,4070,0.9138710014228072,1.4071536442362538,0.04951751731879608
0,4071,2.2943927014099885,3.3268694170444837,0.07247346695981242
0,4072,0.9180337858409983,1.5133647863560702,0.03732159012777844
0,4073,0.5199124788661756,0.8487727817634554,0.03419002289200534
0,4074,1.1352965536931692,1.8219130322740673,0.0432134709267333
0,4075,1.2881916662509956,1.9432043779040444,0.05662851896400563
0,4076,1.0330196662005806,1.6467548796491616,0.04308045565891111
0,4077,0.4664292206745104,0.7551711191873026,0.0374611972505811
0,4078,4.152515946475685,5.633954067921064,0.09862584245511483
0,4079,1.7487717264495048,2.550694672832427,0.06589250841883082
0,4080,2.552062278478005,3.6518460227944933,0.0757291642350157
0,4081,3.091585838634402,4.414097558494673,0.08322148114542473
0,4082,0.10879389464418081,0.20852163140134655,0.005002594067687595
0,4083,3.807330725056767,5.02328451682882,0.09804686473948175
0,4084,0.06812394901575637,0.12790618998876713,0.0066159337810694835
0,4085,0.5356602035238597,0.8034903052857895,0.050380730977355216
0,4086,0.5786203978209311,0.9333698083897162,0.03727158537690967
0,4087,4.454224149803853,5.607348168280994,0.11156089812668812
0,4088,4.1174105016312135,5.556290515642123,0.09707641587462436
0,4089,0.28357089633276217,0.4796199110813384,0.025645861099826597
0,4090,5.299465102663273,6.9062178199601165,0.11861313592732926
0,4091,0.4471142355772421,0.6960755712963883,0.04856495223857785
0,4092,0.7006959122539752,1.1649606884713335,0.0324569848530197
0,4093,2.2110501482853993,3.24119851282746,0.06921009293291275
0,4094,0.24436698777978158,0.43197777194619447,0.01719888523010815
0,4095,0.3775688706843244,0.6386041393055853,0.026042367489455646
0,4096,0.34870912441420454,0.5448580068971947,0.04061337282868283
0,4097,0.44403323344312967,0.8220615267798482,0.014269444406663776
0,4098,1.1715845659730229,1.8717623243355979,0.04513986828254052
0,4099,1.3465919542938147,2.0351901127395156,0.056725024311816474
0,4100,0.3761879866825001,0.6917819352416444,0.013603604151544614
0,4101,0.3883634590298128,0.715000275564821,0.013079359644762733
0,4102,0.5409879061399279,0.8249318347769066,0.049242578584973315
0,4103,2.8859326412816158,4.136503452503649,0.07976761207961143
0,4104,0.36018186610715125,0.5725434287830439,0.038160255858749145
0,4105,0.9712958160354574,1.5083652672550634,0.0463481157324413
0,4106,1.0983974881111271,1.701563738807989,0.04987334845828744
0,4107,0.32712344574002056,0.5345675820629605,0.03464983734994234
0,4108,2.442719351650062,3.383231615386985,0.08177705741857111
0,4109,3.341472559080482,4.420489739616888,0.10292141178610661
0,4110,4.664321678492549,5.848159667957662,0.1250281739449983
0,4111,5.058206707084461,6.40706182897365,0.12306650060291931
0,4112,2.931158781599652,3.8583620696566863,0.10129949818626563
0,4113,0.5848245686107338,0.9433777267470769,0.03663578558343474
0,4114,1.4272511892369473,2.185733249802868,0.05609004605655727
0,4115,3.098527518720163,4.321189728809739,0.08669878830362379
0,4116,0.7102545630735511,1.0794264263660183,0.054786485920926026
0,4117,0.14591849258867182,0.2510523133357894,0.0168790753361855
0,4118,1.8155029074773028,2.7388158147086172,0.062016500113112
0,4119,4.437590113860316,5.6956697853155625,0.1051513432157289
0,4120,0.20850197813306615,0.3783413378043718,0.012318624023539785
0,4121,2.3038379888517313,3.255423245116577,0.07695727733880124
0,4122,0.7689212050142761,1.262894827629508,0.036013025260193524
0,4123,0.5225435333285866,0.805709582115586,0.06047274841926518
0,4124,0.7139187306280328,1.1014746129689652,0.05043264343550939
0,4125,2.5696609385445837,3.650884393560611,0.07747833474080439
0,4126,0.6859505015659846,1.1734499146286028,0.028929590782052112
0,4127,0.5205998009335482,0.7894810168003255,0.05956823230867993
0,4128,3.3044749073075868,4.2941399810697565,0.10888713845908016
0,4129,0.5728205554833968,1.0117350070875581,0.02153655684611107
0,4130,0.7548971287853173,1.1302603419934858,0.06349139137314283
0,4131,0.13954949914065487,0.2712370546677518,0.004012618257421414
0,4132,3.210078481443417,4.466196148095188,0.08763652637598617
0,4133,1.8087379950891214,2.4775942328564526,0.08658409414971296
0,4134,1.1891022731897,1.8856769776026017,0.04597197306213099
0,4135,3.627185549484162,4.881265659678154,0.09569488167490944
0,4136,5.627439887225125,7.151538190015262,0.12185902209605694
0,4137,3.1345760263770654,4.136347746147055,0.10080091312161034
0,4138,1.2846095976291825,1.999126178559024,0.05074129758861169
0,4139,0.4151966319644652,0.760729399505362,0.01618327232834297
0,4140,0.32809100207386266,0.5799802230208928,0.01842603746825437
0,4141,4.935711572094688,6.510938669571715,0.11872612608834505
0,4142,0.29012324201139444,0.49070227352544515,0.0251221354457823
0,4143,0.5747955265168845,0.995824096895494,0.024268865617716438
0,4144,0.2835602890026901,0.44652597233756963,0.03630727753199061
0,4145,3.8732538066178,5.247634189611212,0.09634577480029889
0,4146,3.8325489288897368,5.178018233712731,0.09906066071133973
0,4147,3.6670078057383444,5.01488094514487,0.09284182483059522
0,4148,3.12320531555823,4.393080004301687,0.08336750139925155
0,4149,2.103584237936599,3.137137187211808,0.06533151015282729
0,4150,3.0384135942995307,4.175787667031975,0.09050205712290678
0,4151,0.17998260185061646,0.34737900776762337,0.004946563557977176
0,4152,1.20376527758954,1.7989603315088127,0.05842236610009921
0,4153,3.3760162851978346,4.524922350841077,0.09766884864059104
0,4154,1.4336999731702702,2.2172336794377445,0.05310820155403058
0,4155,0.301250345523614,0.49733045207744564,0.02596786819991676
0,4156,3.461504450806297,4.507167253654033,0.10875272118382077
0,4157,1.4815001442532587,2.3045557799495135,0.05299674466887448
0,4158,3.7724593042777848,4.925698158953378,0.10362682813751295
0,4159,0.1482893764234623,0.25461006140632203,0.020955936455510114
0,4160,1.6719135667899572,2.522201037900278,0.060152107786547115
0,4161,3.061361341122743,4.259285344170773,0.08555553634562511
0,4162,0.30292713473706,0.5951121724976286,0.006334494093798897
0,4163,3.405757397749282,4.613089385311195,0.09539155348264387
0,4164,3.7881385834435073,4.997962947789339,0.10093056108858062
0,4165,1.801375148210457,2.642016884042004,0.06596753243218369
0,4166,2.1423910783877647,3.2323795217780313,0.06474778338868196
0,4167,5.135659094393159,6.6763568227111065,0.11753875800156108
0,4168,2.054212142988711,2.9250194644730576,0.07226913064706038
0,4169,0.3606038179780039,0.6792195201640486,0.011016965277788176
0,4170,1.598696568162613,2.3713999094412093,0.06218187486074178
0,4171,1.915739773669151,2.719114517465892,0.07355864297267359
0,4172,4.206475922896199,5.31681474518352,0.12390187693827492
0,4173,0.4289833101683725,0.7604704134802968,0.01920523969684104
0,4174,0.4063994160691483,0.6561147199188657,0.03725101830183113
0,4175,0.7805315658125376,1.181698627570937,0.053153407729333066
0,4176,2.1873659532754854,3.0693683537897933,0.0783384807257932
0,4177,0.9248306526450372,1.483012466667486,0.040904328003812114
0,4178,4.257036120179924,5.492238310491197,0.11455657943605019
0,4179,1.7959938463949803,2.553223684334485,0.07440469607304222
0,4180,0.4463901805434811,0.8105505909868473,0.017816603844432267
0,4181,4.289963093777882,5.7047381566195225,0.10866120389877068
0,4182,2.3134748707585513,3.3031280099163767,0.0775853263349661
0,4183,1.2114072700324408,1.9138801248441515,0.04621634929845799
0,4184,1.0702952446130516,1.7726764988903672,0.03706208762302211
0,4185,0.4764194365069243,0.8231804187746226,0.024130481613971765
0,4186,0.8746683339138842,1.2927790210045869,0.06731365409933848
0,4187,0.5707916168117342,1.0079168423447717,0.021334779305591644
0,4188,3.5680319179723927,4.763602822423876,0.10069215856686423
0,4189,4.178207468867723,5.329346261310873,0.121192021013272
0,4190,3.347516152590204,4.56644866467468,0.09307925255570138
0,4191,2.314063488372619,3.166613194615164,0.08610240635585216
0,4192,2.7595728534005795,3.955387756540833,0.07809325950021406
0,4193,0.3079343499053598,0.6025765695989774,0.00778904082319004
0,4194,4.6343052376582765,6.010114605088078,0.11948379842085621
0,4195,1.826395821297086,2.568674336904458,0.08025916078469629
0,4196,1.3374266082156512,2.106246694375546,0.04936934316998344
0,4197,2.376631685575085,3.1893658371188955,0.09251950510553754
0,4198,3.0814797185168428,4.108639624689123,0.09528361199374778
0,4199,4.268833286314157,5.646604876076927,0.10999106724102055
0,4200,1.2719274557678308,1.8488125859794697,0.06782144232882673
0,4201,0.39407379844852697,0.7220278320566973,0.01638327942455576
0,4202,3.7078509210864854,4.808619163284036,0.10754966501225623
0,4203,0.65497622922952,1.1472786237484407,0.023688284287108126
0,4204,0.4907450284509441,0.8619496012535808,0.022386267645258667
0,4205,0.2158180567976424,0.431636113595285,0.004372027937749139
0,4206,3.7052092700620425,4.715720889169873,0.11698821170409045
0,4207,0.2690985226956763,0.43148556225341206,0.03251099716204103
0,4208,0.4430763646272092,0.7269636162147027,0.0325539494922073
0,4209,0.4712590601293769,0.7816003924096981,0.0303927525829867
0,4210,4.533543986770595,5.886486433084332,0.1025258801045379
0,4211,0.5479507548651564,0.9373748762473119,0.026366234168264713
0,4212,1.9612496103969597,2.8816125560581023,0.06771735425174119
0,4213,0.7968255810274388,1.2655465110435795,0.04196717395724308
0,4214,0.7078911349452146,1.226410119140754,0.02674899908063745
0,4215,0.6878315804899193,1.15063184143684,0.031764651514241654
0,4216,2.1790280594102174,3.225453963646762,0.0673424789686266
0,4217,3.966033715811144,5.104997244454343,0.10770382682976172
0,4218,0.14042648278765038,0.2609275862608369,0.009297565345366363
0,4219,0.8146138775115281,1.3460997610099033,0.034874896547849976
0,4220,0.7981197368251011,1.3220388278697999,0.03441018422225216
0,4221,0.32732857869692317,0.6453049122882198,0.007023408918880616
0,4222,0.3201466692344791,0.5141178864765458,0.04334284639263034
0,4223,4.461364373610886,5.644991656405611,0.11028956097222427
0,4224,0.041077913802848996,0.0806674973954498,0.006444090660456931
0,4225,1.8674472609288595,2.8171775822012517,0.06169667801124667
0,4226,2.405277099374278,3.4936985800967184,0.07272522420587252
0,4227,0.459733230914657,0.7578632655077983,0.03117953134365493
0,4228,1.5550233129916944,2.3725212832501854,0.05737700606112145
0,4229,4.212432088697267,5.351508112681732,0.12162843647380588
0,4230,0.5577276058269209,0.8599598838448614,0.045717879120725405
0,4231,0.17905958149210452,0.33513178427914175,0.0075556951622238085
0,4232,2.2825634016600747,3.291431203498781,0.0734010756172665
0,4233,2.157750098335922,2.9711428055620286,0.08473978096581734
0,4234,1.5731757352775217,2.281969198424537,0.06812751592842138
0,4235,3.539591298270828,4.676662078026225,0.1037841281414068
0,4236,3.4279328508264415,4.780061919763539,0.09029779211670218
0,4237,3.25355353856432,4.606154447855105,0.0851529334557396
0,4238,0.380954276839307,0.6059623584812368,0.04377423499593001
0,4239,5.388449557403805,6.911885557926348,0.11925417903689559
0,4240,1.7566470310979263,2.6709253104412918,0.05785029622574345
0,4241,3.7287424004508662,4.8186824867365035,0.11028832610968359
0,4242,3.857788317204855,5.1987307804044045,0.09672688720945019
0,4243,1.4201603404280012,2.001821756454363,0.08340363232438118
0,4244,0.6946727195663092,1.116438299302997,0.03847802720717068
0,4245,1.3773506963295061,1.9771647092471947,0.07122411147174702
0,4246,0.5639583688921418,0.8885623137777351,0.04199802337649198
0,4247,1.584343763266234,2.1836033213928414,0.09077895033202425
0,4248,0.2122708070865631,0.3491791974560032,0.02957882808353846
0,4249,2.716272714874135,3.930249347220117,0.07645232669389566
0,4250,0.48588156445573705,0.8886518086756245,0.015840561839371877
0,4251,1.0190148979018137,1.5088176388822434,0.062000198141681964
0,4252,2.0302206315534614,2.890857638407646,0.07567016512139153
0,4253,0.38054829732508894,0.6880111600645648,0.015983970905678786
0,4254,0.4623096028673287,0.8358312687601371,0.017726849195459415
0,4255,1.7895897210028247,2.746812129911312,0.05856785931948953
0,4256,0.31111633478561906,0.6133436314345063,0.006680941863326529
0,4257,0.38729472586032343,0.7500426028985139,0.009057848246046048
0,4258,0.8486199701942448,1.3720203110924911,0.0398135197637299
0,4259,0.0960525075246297,0.18331147562799058,0.004623773047163239
0,4260,0.9262049746967053,1.4655831658436103,0.044293818498257
0,4261,0.9335228789408534,1.4859032806810035,0.04242897502847548
0,4262,2.9451069879608727,4.116641259414921,0.0837237043568028
0,4263,2.02131941830337,2.963070510921987,0.06821567107452074
0,4264,0.35543258774217973,0.6046688535370013,0.022201707876667604
0,4265,0.5022904850418954,0.8704288529608004,0.02236446775525839
0,4266,2.705026002533677,3.7870364035471478,0.08331050446459883
0,4267,1.2533860638232184,1.92329930483218,0.05269387867434725
0,4268,0.4123567583402192,0.7010064891783727,0.024905588471930237
0,4269,1.486429579600017,2.1110462646447044,0.07542708547875833
0,4270,1.1498602402946065,1.72479036044191,0.05643424868181286
0,4271,2.024041896204459,2.9685947810998736,0.06657196264630703
0,4272,0.32010342100108286,0.5074366730642167,0.03755377547128267
0,4273,0.11330545200172816,0.21551806254874156,0.008620681093175014
0,4274,0.5193582473675553,0.8926469876629854,0.026922790289345966
0,4275,0.516780228926685,0.7837833472054718,0.054081483727979315
0,4276,2.875180182765469,3.9881531567391986,0.0841772862175672
0,4277,0.6188710339596133,0.9489355854047403,0.049648308747932086
0,4278,0.45909552741855003,0.7858138168697885,0.023577784114667516
0,4279,2.0446899225184465,3.0728768549848655,0.06507790542617381
0,4280,1.3331643223529976,1.9849335466144633,0.061575113419156245
0,4281,2.0468936112273233,2.914598511638906,0.07384963468034299
0,4282,3.352014305396376,4.546615148276999,0.09557068761354824
0,4283,1.2743540298977978,1.8728075798498018,0.06331222694707138
0,4284,4.9508327801416225,6.310387895931809,0.12589582473217267
0,4285,0.3165881842151336,0.6263435299220266,0.006612739233341252
0,4286,1.0378840563913652,1.6920655222380439,0.04027195769201888
0,4287,3.3941364003774255,4.561431987808814,0.097000701821173
0,4288,1.410625868250407,2.0581262667915765,0.06586702299487712
0,4289,0.09073431116159641,0.16552881090291238,0.007883941777277147
0,4290,2.935064606477784,3.868264635204054,0.10741666866457407
0,4291,3.6143583998394844,4.902454212548238,0.09767470774539032
0,4292,2.4623142230928385,3.444548858534243,0.08304847732485483
0,4293,3.1413969357098668,4.277646891179392,0.09008970326808183
0,4294,0.2892320251057227,0.5702002780655675,0.006260941281477184
0,4295,5.255837624539177,6.777264305326832,0.12010808069695617
0,4296,0.5544442659029573,0.9425552520350273,0.026748468475931094
0,4297,3.2939686267997548,4.258868527579483,0.1123995542167317
0,4298,2.1659988603292994,3.0070516092869535,0.08031591346680639
0,4299,0.4840143766139235,0.8501278153347118,0.0225485545385625
0,4300,4.476399461621473,5.693061879395515,0.1077163826112957
0,4301,4.408140447827524,5.933118764913804,0.1063336120037224
0,4302,3.462683369822643,4.765843777820413,0.0923266777910418
0,4303,0.1203026361975269,0.20570265572046265,0.019849030310327736
0,4304,1.3412578317407984,2.1065637710281955,0.04897307681495911
0,4305,2.0744496173786544,2.879953990084195,0.08150104821799764
0,4306,0.22468692223278855,0.4214816748090929,0.010727016586598978
0,4307,3.8888707259696402,5.297272556455943,0.0959607713203801
0,4308,3.4469940552893887,4.700446439030986,0.0909645370801936
0,4309,0.8772653191196229,1.495849839011665,0.030443462706078388
0,4310,1.9482722401529435,2.8948903907357297,0.06393036632355667
0,4311,0.8343664760622733,1.3006300950382494,0.045064013633555305
0,4312,0.40668262053356513,0.7715827800534079,0.01075126385257194
0,4313,3.468212831755549,4.832755585233143,0.09029630594487821
0,4314,2.829955573735729,4.061066190558615,0.0770764632631606
0,4315,1.2693576398017994,2.0370529788436063,0.045442633239252656
0,4316,0.25142088617661806,0.481444250125439,0.00743730305715864
0,4317,0.8684938208594722,1.3075656969606497,0.056387822843382285
0,4318,0.47037692629547856,0.8127398789788963,0.024329337921828786
0,4319,3.5557567286392513,4.722489405224006,0.10180140863506093
0,4320,1.0223778898429805,1.6023232425609286,0.046865642122035554
0,4321,2.7539869100063945,3.8977191786429293,0.08044755830418335
0,4322,1.6399617977233178,2.4599426965849767,0.060256289138460095
0,4323,1.376793950744034,2.085086792456283,0.05530030439831131
0,4324,3.5122230784743214,4.5929071026202655,0.10816065523982879
0,4325,2.620950014521303,3.554063108696425,0.09130189262018024
0,4326,1.0904984908988877,1.7554365951055269,0.04182407335561534
0,4327,3.608484664103493,4.8304053969216065,0.09689680609705141
0,4328,3.2426675220643473,4.536190631958869,0.08646401705893499
0,4329,0.29830217893731753,0.5673999487479044,0.010106133958698242
0,4330,1.1517045310702607,1.7878204057893003,0.0480458724337365
0,4331,1.502434923044453,2.296825801895543,0.055149952357692794
0,4332,0.9777367467796565,1.518367653822526,0.045801877655249734
0,4333,2.709872790754343,3.7938219070560795,0.0828937202444067
0,4334,1.1313962312703312,1.8324454297875301,0.04098697184752654
0,4335,5.072399118708258,6.3663784857256704,0.1235291983223343
0,4336,2.4382790238005145,3.5615311583603004,0.07190918825461576
0,4337,3.8454423403030527,5.223221146721793,0.09884010096350722
0,4338,0.5430942895936929,0.9690505951573735,0.020848906718787613
0,4339,4.408884064093642,5.6010823059148835,0.1097025428092489
0,4340,2.670213495879086,3.720789297536431,0.08368456017229782
0,4341,3.4875928683253576,4.917897808705982,0.08863117713584046
0,4342,1.393377326205625,2.162975268005243,0.052201654964661844
0,4343,0.4802136914063421,0.8151775625724942,0.02831951350625044
0,4344,0.8563467683191263,1.4061002492153554,0.035671595920847794
0,4345,0.6217529413168061,1.0782297843088917,0.026144269279474625
0,4346,3.6412524210175437,5.001720358540581,0.09224698935333142
0,4347,2.4963584236010656,3.4708726745255465,0.08190564689509237
0,4348,0.7718950665616556,1.2708028534856526,0.0351168683181286
0,4349,0.3730666406234498,0.6248866230442786,0.025564209757048473
0,4350,3.665184415342869,5.005144309124133,0.09370155261257057
0,4351,1.1223295911428008,1.7321502938446698,0.049615972870639576
0,4352,0.8506231155098487,1.3150437820238465,0.050178391988997824
0,4353,3.807036184524468,5.11633434322336,0.10019566497323851
0,4354,1.032848301754746,1.5550749711813032,0.05484455914792837
0,4355,0.5908049035334972,1.0215207364321113,0.02413497975601948
0,4356,2.938655666643086,4.038687199611086,0.09036687507617057
0,4357,1.0248872665805406,1.6608112934347319,0.040446433908822625
0,4358,2.34491343871029,3.242965393961039,0.08162240493290498
0,4359,2.361962865130553,3.3928748338891923,0.07405162554472154
0,4360,3.9973984974657863,5.225765744082875,0.1041417211242396
0,4361,0.9862884162460931,1.6438140270768224,0.035967697867975316
0,4362,1.4981238013160887,2.255697769027065,0.057836173904159696
0,4363,2.451233661974372,3.528699007897175,0.0760033415627715
0,4364,3.6354864801392313,4.993800110081364,0.09252390993321659
0,4365,3.9040846956841935,5.039456265347454,0.10410257957610779
0,4366,2.4852041848213378,3.495671820408034,0.08106032443891402
0,4367,0.4407089974097175,0.76632838403091,0.02216018009275537
0,4368,0.3591501694475815,0.5942302803587258,0.030966732629952406
0,4369,1.1992510785554036,1.8540145984563428,0.050140791578629926
0,4370,0.9642701897155562,1.4384140951558024,0.05962156133173276
0,4371,3.013277904029858,4.091714206524755,0.09076567943042639
0,4372,2.4079978652768617,3.2965104465822272,0.0908351052736316
0,4373,5.421162433795209,6.990446296209609,0.11747824387650906
0,4374,0.29378320611591474,0.5419109139840862,0.013737005529169606
0,4375,0.37270995859815786,0.6820338698156768,0.013275991546362848
0,4376,0.14126013345064733,0.25463997740445643,0.012569270567517409
0,4377,0.3800483461285898,0.736009121023677,0.008951845627351315
0,4378,0.9255708926171108,1.393556175401043,0.056129813946042245
0,4379,2.037877716520019,2.9662442318235827,0.06901742767328282
0,4380,0.8479239900127244,1.328250874528603,0.044873165317940104
0,4381,0.47225707135689476,0.8626562503452607,0.016831546166478476
0,4382,0.3945049263267726,0.7610307798644125,0.01068554105242125
0,4383,3.2373279125146537,4.254289560425016,0.10462662380844832
0,4384,0.6343203298699458,1.0164410105144914,0.03699084864624289
0,4385,4.817208243746853,6.362836557248517,0.11452188866330404
0,4386,2.7216319977752246,3.6054609455063544,0.10417150950866723
0,4387,0.5692326489818265,1.0034549901923224,0.0230025495516017
0,4388,2.511670683172147,3.4419190843470164,0.08647478165532256
0,4389,0.03668442637877138,0.07232072628957785,0.0016390008438370684
0,4390,4.86912046678478,6.46598255535398,0.11477725289059029
0,4391,0.2227880921300749,0.400139139154674,0.015682427687332245
0,4392,0.4166087081191388,0.767587277288002,0.013425073430761396
0,4393,0.16910027753599885,0.335767457553494,0.0033668350343354606
0,4394,0.9746086437687108,1.5011213593678994,0.050508631181099245
0,4395,0.24746585565141216,0.47274511734787006,0.007116257259855035
0,4396,1.7093480317305525,2.5786736021535184,0.06034812355796064
0,4397,4.418533403669784,5.947107121696087,0.10579323044230925
0,4398,5.033036961435048,6.585782406984156,0.12137997071991287
0,4399,0.5172705783801437,0.805634061729994,0.049914961931694514
0,4400,0.3181551205646647,0.5951881507162092,0.010829330538036242
0,4401,3.3016041076454035,4.252065896209991,0.10705708748774478
0,4402,0.38011168467819856,0.6546367902791196,0.02115616716817254
0,4403,0.7589336529167563,1.2694890194243922,0.03361487904002502
0,4404,1.6392667121789903,2.4965843605024847,0.059280898642670506
0,4405,0.2280077089887582,0.43242841359936895,0.007769811158836517
0,4406,2.086465411909804,3.0201875023224787,0.07139447184156045
0,4407,4.472205795838881,5.830257817611944,0.10201842703849134
0,4408,0.5244871870656745,0.9271579951999666,0.021774776839153947
0,4409,0.3745382554376021,0.6390558983404085,0.0246508584754284
0,4410,2.0942099889602126,2.9229347974257514,0.07813786672028758
0,4411,3.3419358102058876,4.558836349791726,0.09351161363530235
0,4412,0.3925530298852669,0.6802627039626674,0.020752782416971045
0,4413,2.96279779774008,3.9452799690114024,0.0993791112604026
0,4414,0.5023446933543018,0.8151821071797348,0.03597268008292074
0,4415,0.9048909214590503,1.5270034299621473,0.03284595088239138
0,4416,2.26017127510863,3.044790318799189,0.09290632380071118
0,4417,0.9866917454363425,1.601158461157179,0.039221744615060825
0,4418,2.852698881111724,3.962938445652503,0.08493755942695827
0,4419,1.6608677098687086,2.4451663506400436,0.06407557953651252
0,4420,3.475129017152636,4.54859818999036,0.10534450086986025
0,4421,4.142844854472778,5.620832748500904,0.09921688118673781
0,4422,1.5656569724515281,2.3887452093974746,0.05690278190811985
0,4423,0.6616166566919862,1.1247483163763772,0.029373031575173007
0,4424,1.7909180293285007,2.546007793045382,0.07535547340540942
0,4425,2.6099307928493967,3.74907185713173,0.07624820095113898
0,4426,1.4070213512670904,2.1509636749255514,0.0555276736693138
0,4427,1.7570819287846655,2.528245664195713,0.07255486381928904
0,4428,0.34551712866514284,0.5604609238231095,0.03075786295713896
0,4429,0.15643542253976697,0.278333154388936,0.014997263770281174
0,4430,1.792747373910261,2.694185318983782,0.06152600387025639
0,4431,3.530571388152557,4.557319189809169,0.10430939163567106
0,4432,5.162539676772939,6.420417364514568,0.12844200960598048
0,4433,0.31015597306596443,0.6093135073707245,0.006468804731039604
0,4434,3.246314424609613,4.4615123375650825,0.09110893481892002
0,4435,1.2007735760530545,1.7424268739465523,0.06795876371770819
0,4436,1.4821067826302716,2.1049069732036307,0.07687826003698367
0,4437,4.8002270490067795,6.306681282471674,0.11486940223064053
0,4438,3.32978848551271,4.35433878874739,0.09979059159119148
0,4439,0.7227998765262071,1.2105789343046294,0.032397506329146133
0,4440,1.0722256318485328,1.7066786684452977,0.04408359825760813
0,4441,3.688277718901119,5.063905624869644,0.09314242283625199
0,4442,4.568121530588537,6.115388500626591,0.09861561665022052
0,4443,0.14700241654471455,0.256098549577899,0.014911999401866934
0,4444,1.4502790483797328,2.242873412029121,0.05403722591645823
0,4445,1.4379543733830298,2.20212441180944,0.05555402010185656
0,4446,0.32626776146856196,0.5999823264589664,0.012572648743353029
0,4447,0.49197120405656425,0.8881896234309786,0.016891010856713164
0,4448,2.876428561222335,3.955089271680712,0.08766090455462107
0,4449,0.5259503810541045,0.8578000262430037,0.033935847562884015
0,4450,4.1053471271866195,5.251510030715878,0.11793448920831397
0,4451,1.0461059034599463,1.6491551889839156,0.04570374995916919
0,4452,1.6038141669557968,2.392281466911719,0.06213821756357295
0,4453,2.530705936608719,3.601389217481638,0.07647737572924963
0,4454,2.880242801100053,4.128348014910075,0.07994299572118742
0,4455,0.31549137517687037,0.6309827503537409,0.006476686274306497
0,4456,0.3795098719837085,0.6727675003347562,0.01867985998951138
0,4457,3.0264249113239448,4.131310196410462,0.08992451958360981
0,4458,0.6689258021068725,0.9997132866652164,0.0658856171573472
0,4459,0.6415823017687263,1.1539869588860312,0.020825819984943386
0,4460,3.670285944389233,4.992378193174601,0.09358836000452327
0,4461,2.935742976728448,4.168430635465255,0.08192629279630577
0,4462,0.4150365795487122,0.7692011274302799,0.013098454118628991
0,4463,3.5590889998615896,4.6655415386786645,0.1015836582898166
0,4464,2.0891926207180447,2.915931946563688,0.07899255523680716
0,4465,0.1259138658234264,0.21218818129503333,0.026831049579722613
0,4466,0.3937385513024716,0.7118584404342696,0.0158109470499649
0,4467,2.6136810361069047,3.699144198643108,0.07889916950364713
0,4468,3.709656115538033,5.100777158864798,0.09264170613943194
0,4469,3.1556534113353867,4.213045130316878,0.09686917119760227
0,4470,0.7914962810278494,1.3405968259909196,0.03111548461079438
0,4471,3.292247218519383,4.587557599576188,0.08884122936648059
0,4472,0.44746381371274985,0.7830616739973123,0.022097834760115953
0,4473,0.18353639703741165,0.3146338234927058,0.023264458941661452
0,4474,0.8533144019015592,1.3366948145394364,0.04441230497437515
0,4475,5.196312270102963,6.59635495427578,0.12443965667203162
0,4476,0.67464933443799,1.1216562554153087,0.03207144829198091
0,4477,0.06564664559421302,0.13034873513671075,0.0014775031602332752
0,4478,2.9670326938264577,3.9714968870489566,0.0989000704367405
0,4479,2.682978337396007,3.7105019559732013,0.08559030024184051
0,4480,2.6063347752434316,3.7711771328941275,0.07435522675341708
0,4481,1.3090561534136291,1.8720910581076629,0.07546250152490276
0,4482,1.209754994500107,1.8457404773230204,0.051967698786414974
0,4483,0.26141635000544966,0.49378643889918294,0.010233890377443116
0,4484,5.307608363521537,6.953818444185971,0.11885688940488777
0,4485,4.051454785928572,5.380503445862813,0.09998263634610503
0,4486,0.3787429293204185,0.720663629401352,0.009961276683416636
0,4487,0.40185261867485605,0.7439703886277742,0.013673815819241923
0,4488,1.553201899942129,2.2785983916733437,0.06554825550729353
0,4489,0.35954732232261116,0.6656484210567262,0.012500010589724563
0,4490,1.033684487023403,1.4949522957488999,0.07323910059454519
0,4491,1.5008045831928112,2.3405404809316472,0.051256579043026676
0,4492,0.12345528952371634,0.2097982527488921,0.02345894211417376
0,4493,0.30568868582914044,0.5855445249684942,0.010167491493825767
0,4494,5.575400216325969,6.97639821940275,0.1266284743141798
0,4495,0.8823200362741722,1.3799074985915831,0.04495395257671489
0,4496,1.7512733285603246,2.519887733872912,0.07341222090722814
0,4497,0.9923965814208399,1.610416009371542,0.03907014256917451
0,4498,1.2834896059831655,1.869430513062437,0.06786760169896705
0,4499,3.8425337996505795,5.178173890438215,0.09776382651728972
0,4500,2.982365649463183,4.039606382341665,0.09009900947452976
0,4501,5.584672738885802,7.024021382928536,0.12572517510791556
0,4502,0.37488655678792593,0.7109917456322739,0.011174842461946043
0,4503,4.8638291665306825,6.282446006768797,0.12266193044779874
0,4504,3.1984015072328367,4.332226380167229,0.09201893420956929
0,4505,2.958618421315856,3.939714685379144,0.10043853106961122
0,4506,0.6736757625286031,1.0179989300432224,0.06236804950255453
0,4507,0.44751671791020636,0.7403362987650328,0.02964035408745318
0,4508,2.437227018294882,3.262134624486996,0.09306927359537051
0,4509,0.8222150150035795,1.3417741962635097,0.036622694351953505
0,4510,2.7293234820538874,3.841819466586722,0.08170237221627477
0,4511,1.6257043005567402,2.2951119537271625,0.07661296066356667
0,4512,0.16840661127906043,0.32160984792876124,0.006177522783743765
0,4513,0.5008516690094839,0.8709076792330518,0.02359743402331704
0,4514,2.564333684472826,3.5707657219272138,0.08122424174430591
0,4515,5.360501366863465,6.804781527883675,0.12058072848048929
0,4516,4.089176178253499,5.178253250853677,0.12206848877489412
0,4517,0.3090736932134399,0.5579382254112747,0.013898511736580958
0,4518,2.014625244774494,3.0104911328164308,0.06600273404440575
0,4519,1.725606136974042,2.545028045593001,0.06561727385513269
0,4520,0.35370910709160697,0.6678423700331039,0.010527311970908634
0,4521,1.3537200384402144,2.026798716770824,0.05986330862377331
0,4522,0.6374577253954462,1.0769472130904434,0.02995441370481975
0,4523,2.1733238646920228,3.049664132713,0.07890484027677654
0,4524,2.2219222146304283,3.307634205870296,0.06678445039070656
0,4525,3.4514297367074604,4.7132427587295425,0.092542349175657
0,4526,2.1359073153250443,3.203860972987566,0.06456593233746968
0,4527,2.502666733257761,3.539683335436391,0.08002116172964695
0,4528,2.158894470818011,3.013216346970593,0.08030763103715205
0,4529,0.45719335381146137,0.7979043244862447,0.023198494747502366
0,4530,2.433527389783261,3.2571828140175945,0.09443288452920696
0,4531,5.3955936806139375,6.921049485604267,0.11868346924936497
0,4532,2.3998436573741238,3.4858064297054314,0.07294622902640387
0,4533,0.9663641112406613,1.6106068520677685,0.03621907430717699
0,4534,0.44428771167392184,0.7067032606743081,0.04251699693671335
0,4535,1.0580840429348033,1.6680383735678073,0.04507931665827589
0,4536,0.8096665357531331,1.2474513486894203,0.04796986186633337
0,4537,0.7802293089627139,1.2818052932958868,0.03791702105019677
0,4538,3.852664611802975,5.191826107884226,0.09705689550284034
0,4539,0.4658972388596998,0.8510389563170516,0.016846505907824796
0,4540,4.40443077144677,5.9281257410283565,0.10652675777370846
0,4541,0.331573100628375,0.6560410633861421,0.006924693804669443
0,4542,2.536289466196849,3.704692478714499,0.0728139983633968
0,4543,3.384858885411813,4.525021878392635,0.09770696193986664
0,4544,0.17832359910902434,0.3566471982180485,0.0037086663438306686
0,4545,3.546500622455123,4.7668019119020455,0.0966215621447595
0,4546,0.5069796382314131,0.8815633199820113,0.023445648506487376
0,4547,0.26669200064620036,0.5220354055202222,0.005894919452501869
0,4548,3.8629501338828574,5.205686811435723,0.09641824368500287
0,4549,0.24951619941155384,0.4577217697814597,0.011696480689634187
0,4550,2.2480718613751587,3.109035552965644,0.08210126101617557
0,4551,0.9640913602118556,1.555171182246505,0.03966084697219643
0,4552,0.0298050717219919,0.0596101434439838,0.0006193231313091706
0,4553,5.248117619681354,6.767309562220695,0.12072458703424031
0,4554,0.4825014017703526,0.8336891309070017,0.02394403924197323
0,4555,0.710600867725614,1.0839674253441571,0.052202195810767946
0,4556,1.9033356041947134,2.7504245269407126,0.07080419331938066
0,4557,1.049323848388302,1.7379426238931253,0.0373118869948781
0,4558,1.3463499640478884,2.0934574585484507,0.05066742254995693
0,4559,0.8083662009154557,1.2216320676756052,0.0585720249903246
0,4560,0.4783657362483512,0.7791346123326439,0.03577872186389547
0,4561,4.653203629930572,6.0662183447786,0.11832579684039683
0,4562,1.030115652484472,1.6144502623733241,0.04676402944233856
0,4563,4.590965223914881,5.832399697728601,0.12299255156086457
0,4564,0.8656017918495847,1.34593573414762,0.04616859614562885
0,4565,1.2657400548748192,1.9648406665789344,0.05003733494300295
0,4566,0.6601609354458068,1.1042692011093496,0.032011910941266146
0,4567,1.908465142701684,2.879055986704255,0.06214029034644021
0,4568,0.7255523447529588,1.171066942408284,0.04023932606376065
0,4569,1.4953900204777744,2.1351290666714737,0.07329182983860028
0,4570,0.4112902123970943,0.6938945301177971,0.02732267694837963
0,4571,0.4544149422748326,0.7155729550764606,0.044965723951521486
0,4572,3.6470268419506104,5.037329892196976,0.09249740299043173
0,4573,3.031254413751576,4.172049085593566,0.08684164205149845
0,4574,3.978591937283357,5.074734613881834,0.11712452427439439
0,4575,1.212212672782476,1.9337678351529977,0.0453558618414609
0,4576,1.3108786957460432,2.052149386792913,0.04993680995688277
0,4577,2.728801741894295,3.8144540478092304,0.08228124320914852
0,4578,3.130730937321798,4.1312738141978365,0.10193190217283822
0,4579,0.6118615166558428,1.021043905919438,0.02931704056446376
0,4580,0.47544968459823794,0.8237090077115967,0.02272395176122278
0,4581,1.1658946778495851,1.8999765120511762,0.04058983761231242
0,4582,0.4031878929336999,0.7101309340058067,0.019758382666813845
0,4583,3.9373946446171644,5.13484971694919,0.10004615762867958
0,4584,1.0274740449330706,1.6379145069227186,0.0433043716465502
0,4585,1.0637968892951664,1.5723151825296695,0.062235556250362783
0,4586,0.3329473421618743,0.6271268431131194,0.010815365126400174
0,4587,1.1367690896522669,1.6702249752991414,0.06542132504358408
0,4588,0.9332085280620334,1.4129937035063556,0.055486174875841024
0,4589,0.5125973500541013,0.9167606452890661,0.01856796211725065
0,4590,2.5621977789933155,3.6849586034960056,0.07728269603607407
0,4591,2.4646534540719136,3.290439405178482,0.09634657583782925
0,4592,2.243203860387986,3.102303211174874,0.08294699235654839
0,4593,3.392893706478241,4.5536205007997435,0.0934127399234344
0,4594,0.8380546326545723,1.234308725268419,0.07000045247848627
0,4595,2.9480594261600013,4.149714083562176,0.08155922361623165
0,4596,1.9375073368449984,2.8152730916587556,0.06750050462716821
0,4597,0.9449167077378677,1.5498938681797954,0.03674304702111595
0,4598,2.0950480327565693,3.032610964542658,0.07029487891906222
0,4599,0.5580953720083961,0.9141807627376796,0.03193284425066268
0,4600,3.2976858614619093,4.379739034754098,0.10070980529881367
0,4601,4.787609957077115,6.290104571266209,0.11561246611852245
0,4602,0.3095559856395572,0.6124309068408507,0.006471315368662284
0,4603,0.39388415864222565,0.6051292940034193,0.04714079094262118
0,4604,3.977529806312976,5.146185471054419,0.10605965305556184
0,4605,1.0077715008744883,1.4784340150191673,0.06625928608182419
0,4606,0.9215975586969134,1.3982859511263512,0.0517174229701694
0,4607,0.1799864494953016,0.31613004590841426,0.017435614798427597
0,4608,1.0827913392995439,1.5627312842863685,0.07184597800573755
0,4609,0.9222403351965621,1.459309706869854,0.04405850797637119
0,4610,3.6229388812671486,4.914092631505974,0.09698297594062062
0,4611,2.1557193859711288,3.1245820313514105,0.07122467290433417
0,4612,0.45279672892696277,0.7037754872464791,0.051424356158576406
0,4613,3.766754081545724,4.98894556545152,0.10087799262491574
0,4614,0.6024159797322945,0.903623969598442,0.05314831279625719
0,4615,1.054316249936362,1.605436107857643,0.05281213936048931
0,4616,0.3393109967959889,0.6391131788965545,0.010926452308523148
0,4617,0.647779709204595,1.0100971736749615,0.04583838486662088
0,4618,3.036268020976106,4.178949534246684,0.08644938896467033
0,4619,4.251784995435565,5.699201164094479,0.10257938615887417
0,4620,0.6696653461201444,1.0635861379555234,0.04024982048776225
0,4621,0.09020472913817781,0.16213268309149606,0.013278801271681772
0,4622,1.315355785654266,2.0538011390040287,0.050465589279452584
0,4623,2.894412126924777,4.036531506738337,0.08349659284179824
0,4624,0.36376089079103435,0.6070120386206216,0.028185123923906243
0,4625,1.5795607877409195,2.268982347031155,0.06729323362686063
0,4626,1.751463854340724,2.6027339958359357,0.06314810657028617
0,4627,2.1670840297020484,3.107741383254038,0.07211591462377456
0,4628,0.39303224518426116,0.6582687296644372,0.0275291203055595
0,4629,0.742198851389549,1.1999622148214264,0.03725313088694858
0,4630,2.6549265321722264,3.7025461908131567,0.08270086218122982
0,4631,0.5970612003229793,1.0278521929610782,0.0258172070783063
0,4632,2.3835216550877147,3.4428646129044784,0.07327810918205799
0,4633,2.906136191772242,4.04671652510221,0.08288187403717215
0,4634,1.0048204444958238,1.4715403230867807,0.06731507370549705
0,4635,5.3371696614209805,6.705674702810977,0.12248099571459786
0,4636,1.7682833922378818,2.505856144080422,0.07209917597993108
0,4637,0.20769787277635524,0.35000937819719125,0.025735118205711408
0,4638,1.5472898595926636,2.3929017596026076,0.05432645599474227
0,4639,4.234952509737226,5.4355833758998395,0.11792888661343179
0,4640,0.27756818701293723,0.4970828970035609,0.015869743624264427
0,4641,0.06758393975515388,0.127761420359058,0.005519216491025364
0,4642,2.5015576662751067,3.4100180819223835,0.0877538766169124
0,4643,0.1668076834958519,0.27767376581931447,0.034314690404702565
0,4644,0.17619767016212828,0.3187786795696401,0.013475318749195244
0,4645,0.46807804930123775,0.8265428845256032,0.01894754627291639
0,4646,0.22698393575116219,0.4136483565991574,0.01347294905329671
0,4647,0.7056634266515007,1.2441960417276465,0.023716733423207667
0,4648,0.8939129303397501,1.4627666132832278,0.037153506513625985
0,4649,5.578463264768022,6.980230956940499,0.12608352140724208
0,4650,2.6701316036209186,3.8207960515901536,0.07711803499986372
0,4651,1.6490126489246073,2.4457266253713277,0.06260226269304785
0,4652,0.7204217745886997,1.1051924951076648,0.04981424366509784
0,4653,0.8630112136738913,1.4715447617772761,0.03055326612954968
0,4654,2.625255808907369,3.7920361684217556,0.07604874715434326
0,4655,2.986375157068806,4.148640083063151,0.08696356018415012
0,4656,3.6650328160166317,4.654591676341123,0.12223195469436744
0,4657,0.1951426361499793,0.3540998828151943,0.012835493853850733
0,4658,0.358138925441092,0.681458788686522,0.009779790945169396
0,4659,0.3209291977073636,0.5641812647594419,0.02022830311790628
0,4660,0.03477424714300044,0.06758938177090228,0.001985606142620452
0,4661,3.2209604237317944,4.385988662102869,0.09024836248510802
0,4662,1.34678918328843,2.115251246694182,0.049565093777916173
0,4663,3.081764471875722,4.311102212022867,0.08480409353932104
0,4664,0.2860358249753282,0.4761450013308818,0.029497413049501375
0,4665,0.20601334196628351,0.3917155093725109,0.006870390715904312
0,4666,1.2660915707156695,2.0242302358148727,0.045088755954970236
0,4667,1.705875997654531,2.4932033811873917,0.06549914352896666
0,4668,2.91118731945059,3.821866429637697,0.10149287875872504
0,4669,0.2625897985638499,0.41741152950901017,0.037876575279649445
0,4670,0.33044682483497545,0.560322876894089,0.024375171727268802
0,4671,0.403142522965723,0.7916784327805144,0.008699416978767072
0,4672,0.35172473068149684,0.6763937128490325,0.00864443456991244
0,4673,2.5466993671143547,3.6441720225558996,0.07600484900822957
0,4674,0.23255934378330148,0.46009942115401364,0.004934780890662843
0,4675,0.3197559969926607,0.5944457125299801,0.010839736401887063
0,4676,0.6714540989779219,1.0589790361023226,0.04365214451337494
0,4677,3.287471768786744,4.412595796606805,0.0972067229716801
0,4678,1.4526866147511057,2.162707600612601,0.06002737066866519
0,4679,0.21032632057171985,0.4117025849488985,0.004914947644522034
0,4680,4.923951605659659,6.461058191553419,0.11887071702440485
0,4681,1.147665328633479,1.683662872226038,0.06226533900337097
0,4682,0.7985499037827579,1.3197591224194085,0.03736503064765884
0,4683,1.1536826589024747,1.8625720035292963,0.0430145391125578
0,4684,3.0868003351031383,3.9665384306075335,0.11676997799057523
0,4685,0.4045418929264403,0.7151256687860946,0.020442645413267572
0,4686,2.889578039365771,4.02978991435875,0.08376381223658012
0,4687,1.9543545269975107,2.8040738865616457,0.07004413609964823
0,4688,0.33265573469033655,0.584796068627598,0.01975399787400201
0,4689,4.239385544988653,5.682580624133727,0.10354900631038937
0,4690,0.3825937390049358,0.7035616408547144,0.01358860128477265
0,4691,2.9709206051709445,3.992174563198457,0.09427161164021122
0,4692,3.523661366250819,4.548399620721721,0.1064366349568154
0,4693,0.552560735625879,0.8706044148524025,0.04457246296805646
0,4694,4.92008218374735,6.455980854864245,0.11915077742243949
0,4695,1.9723600791127052,2.7341711149604695,0.0832327507808031
0,4696,0.6247631508568813,1.08933062200687,0.025195382281679186
0,4697,0.37304710761390353,0.6975469888944911,0.013040253997652166
0,4698,1.1937233497887054,1.9574097164237156,0.0405018058833045
0,4699,0.27997633636957375,0.48552858332445065,0.02037349944588245
0,4700,0.7560998269462568,1.1956927495894292,0.044074707479913905
0,4701,2.382578819725085,3.348489152046066,0.0786521809349345
0,4702,0.7978629199050117,1.274692238901498,0.04078077451756944
0,4703,3.6937849056857,5.130256813452361,0.09121448829725129
0,4704,0.42855460085776703,0.7246468705413152,0.024742969230132347
0,4705,0.7711159857053046,1.1609579562563197,0.05563913341419605
0,4706,3.635895169532727,4.958038867544629,0.09645461148632721
0,4707,0.218515948064467,0.3633156726854993,0.031344663377386894
0,4708,1.712505229703691,2.613302778276152,0.059131989718370276
0,4709,0.9165553262349283,1.3722727789439153,0.058843673417959104
0,4710,1.4633038088785988,2.276250369366709,0.052278669135208886
0,4711,1.3985617452856243,2.150389735525873,0.05449644577008734
0,4712,0.6263184499215574,1.0899567829803722,0.023752294836781557
0,4713,3.295942088504837,4.578687117544555,0.08880637445556655
0,4714,0.23891463691409365,0.438273870365589,0.013202654146585209
0,4715,2.441485548426679,3.4954601840862813,0.07612443669698965
0,4716,1.137743310023979,1.7831298660024928,0.04789941426731087
0,4717,0.966719732781215,1.5479024292746844,0.04217836884767097
0,4718,3.7719038914168874,5.022481652207513,0.10081771518914955
0,4719,0.5233708497956842,0.8301744514000509,0.0393953705834973
0,4720,2.0443241491307265,3.0150925998352616,0.06590133377040812
0,4721,3.664409197247932,5.061338670231951,0.0917912020623941
0,4722,5.311684456035754,6.959158779298179,0.11865403819026309
0,4723,0.5686664734048343,0.9738413357057784,0.027120286250240013
0,4724,3.7169857243481728,5.138783542404853,0.09178372291477792
0,4725,1.6980192666834981,2.5279500318602635,0.06215349179456559
0,4726,0.7718549451455282,1.2912793421931479,0.03163231666238212
0,4727,0.8828541811066095,1.4306492452872168,0.038033442568301296
0,4728,2.903194835966724,4.161245931552305,0.07927239081257234
0,4729,1.16601255923158,1.8519022999560384,0.04504685925348367
0,4730,0.2708983147680862,0.48513815847356634,0.016126310719203226
0,4731,1.7696212782217118,2.6906522358926614,0.05746872187972463
0,4732,0.32841023862436886,0.585986896368972,0.01692034924022517
0,4733,0.4452579037996457,0.7842284370148601,0.020394640258277773
0,4734,0.15880118212429703,0.30865581877680254,0.004527500104673087
0,4735,0.603182894700691,1.0383908060670122,0.025666052806491712
0,4736,0.746497140824805,1.248686126470583,0.034052361291413855
0,4737,2.303984674764031,3.329384447598572,0.07191091528436896
0,4738,1.8485398881419628,2.735839034450105,0.0661804903714693
0,4739,0.42173191671736326,0.7816098189828466,0.01309750307114987
0,4740,3.246924107588928,4.47548998613609,0.0906109341800353
0,4741,0.1611557487696699,0.295630082180123,0.009224822035740642
0,4742,2.9359916804241446,3.914655573898859,0.09586634959021187
0,4743,5.572379952106774,6.972619016995142,0.12719529236918128
0,4744,0.33536085731237114,0.6093484858355501,0.013432909036588184
0,4745,0.28017490428184727,0.48105502433298336,0.022780892269129615
0,4746,1.8136331843600644,2.7410592445441884,0.06090359614588615
0,4747,0.7285625379763313,1.2202305083898064,0.03223706208001978
0,4748,0.2783680559729477,0.45839051133269815,0.032550555030497266
0,4749,3.3718220822561675,4.519300801348582,0.09820135860529407
0,4750,0.8838167476157903,1.4481816587439453,0.03808948736224922
0,4751,1.0650006088768715,1.606526342204094,0.05383322277132216
0,4752,2.8423333759708234,3.7460496288435983,0.10725707016317927
0,4753,0.25847997240575876,0.47801090787366346,0.009727887972061736
0,4754,4.889683622219701,6.34890857754181,0.12048209963331839
0,4755,1.5432589680789401,2.251640133754519,0.06637653508120815
0,4756,0.7623986116304768,1.141491843932924,0.058887083423493025
0,4757,1.052075283461889,1.6585657409869778,0.04538426347294214
0,4758,2.753477168294322,3.601770639334491,0.10116848509478828
0,4759,2.361469666836408,3.1526837304671638,0.09901964224807984
0,4760,0.06136126674346043,0.1138965978594368,0.006467988276275824
0,4761,3.4161910717710415,4.737369939306802,0.09036474682416432
0,4762,0.07918182155391859,0.1496861832115173,0.005961969674836959
0,4763,0.32913972655918244,0.5316872505956026,0.03777281752755404
0,4764,0.5088067224681261,0.823782312567442,0.03670838825086774
0,4765,1.7089854771424664,2.346534463433956,0.08985318376427133
0,4766,2.8190936731552374,3.8482866014500066,0.08761145535857813
0,4767,0.8599471411471856,1.3564642405000253,0.043076499799227785
0,4768,3.6148897140875698,4.890733142589063,0.09566303794722414
0,4769,0.30933883434454457,0.5760102432622556,0.009897187742599373
0,4770,0.6953935093510026,1.1094139224328137,0.041936919422529036
0,4771,1.0890717311021372,1.6997073259975553,0.04748978954552558
0,4772,0.5752150080330528,1.0140008154428817,0.02294275947972132
0,4773,2.874548227385714,4.097422335168587,0.07967726647612106
0,4774,0.3111288979954864,0.5823155725996603,0.010307338292360524
0,4775,0.2909202517418152,0.5557579981550534,0.007971307667328826
0,4776,3.2028738441565485,4.338284148698817,0.09153797086426414
0,4777,1.367031434203165,1.968822445999124,0.07056337436368851
0,4778,1.1635369430393245,1.8167506654473653,0.04771034050432821
0,4779,2.0596296317207194,3.037666049018269,0.06521037544963397
0,4780,1.2828031183995632,1.8748660961224388,0.06560446100530125
0,4781,1.0839309042963257,1.7779110564372664,0.039377463936537474
0,4782,2.30239936344583,3.4203273780669274,0.06757792348416279
0,4783,0.9489713113807302,1.5623308175170558,0.03717849521119533
0,4784,0.5064996537443281,0.850419171718872,0.028556910596783582
0,4785,0.8511921816210608,1.4274651493024,0.033408082057183264
0,4786,0.766209444500254,1.2554757162895727,0.035096042678933355
0,4787,1.529637249570829,2.1710980316489183,0.07519813676473537
0,4788,1.0816539393457028,1.6470639530945932,0.05268168066693384
0,4789,0.9013302230958196,1.4694413940168205,0.03762945156209748
0,4790,2.8489005738964197,3.8751174472892163,0.0901786559927141
0,4791,2.7104499709957772,3.921824259708976,0.07661891907987431
0,4792,0.4030100767301337,0.6191495592222725,0.04310624982916795
0,4793,1.059767037357201,1.6137361705211917,0.052260392017744337
0,4794,3.8840893981572178,4.938063405697368,0.10789694106650702
0,4795,0.8779613842201677,1.4723576008661197,0.03292074929255576
0,4796,0.4476804837063824,0.7891803398670205,0.021102548046738438
0,4797,0.386339645718348,0.6848748265007079,0.01851265019019093
0,4798,0.3154623871071792,0.5382576980016248,0.023485603795843673
0,4799,1.863371873309663,2.7281411404809988,0.06532563285936656
0,4800,1.4558260872606927,2.1594753627700274,0.06186683148149894
0,4801,4.325841719567972,5.729439298789496,0.10899128187701128
0,4802,2.832939600775623,3.832800636343491,0.09237490360853436
0,4803,1.7496309252658386,2.4662350808268467,0.07528787373028761
0,4804,3.100617914754557,4.033967185012306,0.10865247876684832
0,4805,0.29372772436587563,0.5648610083959145,0.007905754080803098
0,4806,0.5042171630417225,0.8913258236995611,0.022182095789236477
0,4807,0.30196082317477246,0.5622718776357831,0.009839321385751021
0,4808,1.9531391419838164,2.853753301898575,0.06685204227900715
0,4809,3.0802030678749737,4.272539739310447,0.0872431631009829
0,4810,0.7310041423156013,1.2228526084415308,0.03217913019706948
0,4811,1.5074204057732399,2.256872358926037,0.05996350396288277
0,4812,0.5208863628038674,0.9082955951392438,0.02202750527884574
0,4813,3.24866479760436,4.471280581649011,0.08904421305642733
0,4814,0.592541127467654,1.0534064488313852,0.021567709484606516
0,4815,0.4583003315045509,0.8484749380557226,0.01431082085975011
0,4816,3.6790285115806647,5.051206713197239,0.09355592454299583
0,4817,4.608690103273552,5.915277503686156,0.12138152860418272
0,4818,0.8959592106583281,1.3464414953468733,0.0584664095579801
0,4819,0.562680764405318,0.9666566978245204,0.024621046527383075
0,4820,4.6269155338935155,5.969440248391117,0.11963701528497846
0,4821,1.4359715980049306,2.1258797400631653,0.06122234453691492
0,4822,4.255955064378009,5.490843580466966,0.11393829946495522
0,4823,0.23013172689456174,0.46026345378912353,0.004787638243263296
0,4824,3.246794394953245,4.266729806980443,0.10219306973615755
0,4825,0.4870700435206833,0.8158423228971443,0.026889861985564183
0,4826,0.35131353085812145,0.6684715795494809,0.009726009130911662
0,4827,1.3876226203120003,1.9876756453117843,0.07431863901254938
0,4828,0.5868971002943273,0.981784655430634,0.03038502784793653
0,4829,3.4889760150214375,4.835265672991666,0.090395925276465
0,4830,0.8769453948980599,1.4488663046141859,0.03529672060693075
0,4831,2.282491317398181,3.082539820403729,0.09306838861380862
0,4832,0.47233366559762463,0.7647306966818684,0.03645842628067336
0,4833,0.39179756770352847,0.6241426369230627,0.04062873744476184
0,4834,3.0046457438437737,4.270648164002666,0.08218061207200172
0,4835,4.333498060605983,5.824594167481159,0.10692758602167926
0,4836,2.4680464330263043,3.4552650062368273,0.0799408235026716
0,4837,1.757233286717658,2.458257204291191,0.08376240785716693
0,4838,1.035431195927366,1.5884455846613006,0.05041705186652856
0,4839,3.000482416955274,3.9381331722537976,0.10794633403634174
0,4840,3.6606081912382096,4.998895056852178,0.09390938987727813
0,4841,3.131147496661289,4.241131000768731,0.09052722033649566
0,4842,1.5257485119192258,2.3873476715912596,0.0517651863213896
0,4843,0.08210023931469078,0.15051710541026642,0.009462762867574704
0,4844,0.6784570278075897,1.1080126607981933,0.03637236120932704
0,4845,0.36951367550719294,0.7337106074819085,0.00788012698338526
0,4846,0.6769237475096624,1.1200011095159867,0.033549161073139565
0,4847,1.0837569030553358,1.735301231677889,0.04391081865692106
0,4848,1.5904679701438396,2.214997277791944,0.08678135495532963
0,4849,1.7060762805551581,2.330465022407819,0.09177850184001142
0,4850,0.33103828020259296,0.5563836155212256,0.023551078391756394
0,4851,0.6774478754222792,1.074572492049133,0.04330211893620612
0,4852,3.307793728268077,4.281661932529745,0.10494714868825705
0,4853,3.900083956463306,5.2839847152083514,0.09473195267170013
0,4854,0.3130360623611235,0.5996183729734197,0.010168818091746837
0,4855,4.692686167330903,5.974708676962544,0.12119576750673691
0,4856,1.1089542492829185,1.6758915340286802,0.055962249701930276
0,4857,3.38868163328714,4.565802621692146,0.09667399717069809
0,4858,1.638218101470841,2.530029138957926,0.05508436651626472
0,4859,0.6194608582286464,1.0400824286308135,0.03045598291061201
0,4860,3.462750002590171,4.8251434462322065,0.09054121368169253
0,4861,2.873127021160524,4.013008937164428,0.08398862701697926
0,4862,3.6168236430792766,4.841568157137866,0.09592597725991031
0,4863,0.0918834195214811,0.17236062144719216,0.00964045130478008
0,4864,3.7123895889296703,4.8397120819030786,0.10711892142238214
0,4865,0.701416526947572,1.1190228984828317,0.041486993090321264
0,4866,1.8656533710756593,2.5787041359370373,0.0818619089111997
0,4867,1.4233476980798232,2.0063145744210273,0.08143875612418096
0,4868,3.0756665066654953,4.266247089890848,0.08751230232754258
0,4869,3.0809093670834304,4.174135271532388,0.09281109831716546
0,4870,0.060119082978031965,0.11061911267957884,0.009326110779257836
0,4871,0.2928180154773107,0.47867855224734035,0.036842908956125145
0,4872,0.2728973113746924,0.5046731100764861,0.009683762531544753
0,4873,5.165781074398694,6.751047224214167,0.11615690152266121
0,4874,0.5902945153616408,1.0546595341127978,0.020607432178510153
0,4875,0.6549525713409002,1.0319310862406046,0.04327866329351557
0,4876,2.2218574212346827,3.1416586117458145,0.0768684412537963
0,4877,0.2088360216192948,0.37262897975207504,0.016285103693584813
0,4878,3.8993189728769297,5.3115047630539785,0.09536837070316753
0,4879,0.4596696460778523,0.7587318254538045,0.03129152961372697
0,4880,3.1642982746073596,4.235545086323392,0.09750104319450068
0,4881,0.37127966912967514,0.6649060741276535,0.017462478165546035
0,4882,1.0206366898592214,1.6055629799539797,0.045983806110990566
0,4883,2.7980797616798627,3.7063569618063097,0.09979978756239724
0,4884,0.23643415656294525,0.46280728518704195,0.005269813410641933
0,4885,0.47278926977678526,0.8647066907759627,0.015860705491672955
0,4886,0.4201175031791962,0.7884396977472585,0.012875785377018781
0,4887,0.295571475309921,0.5064250118367438,0.021260418501045722
0,4888,0.9741017276243149,1.5597224091127424,0.04091542364727979
0,4889,0.08314819539109758,0.1440529244992264,0.022052774414000925
0,4890,3.8641951241682233,5.25783926731086,0.09680523435361327
0,4891,0.14717417278946943,0.2820838311798162,0.005061415816321135
0,4892,1.3465004951876922,2.023554416496757,0.05874998054490193
0,4893,0.4100729045946818,0.7349358549878714,0.01803893587323695
0,4894,5.590975786328393,7.031948927134679,0.12478929556029755
0,4895,0.2690224004605934,0.4967946995172292,0.012557694198526146
0,4896,1.7805337353619173,2.597021580859372,0.06727054868721868
0,4897,1.661512157643863,2.5450908773157437,0.05873713092106562
0,4898,3.5125349793979788,4.60451476573932,0.10682691488613294
0,4899,1.8666648845071456,2.6536911601371864,0.07323718372356669
0,4900,0.2754840443851537,0.4852073814009481,0.01916426698423524
0,4901,2.946457848533377,3.8983903842133905,0.09760168901380874
0,4902,1.2774087765867428,1.9161131648801142,0.05723895024104355
0,4903,3.8940795011545197,5.304367752923995,0.09566791193023687
0,4904,3.5172590616051056,4.494275467606523,0.10807771161741558
0,4905,2.749014903021001,3.8906822944395576,0.08078411393436942
0,4906,0.719151860167228,1.1177674626599199,0.04811683773401382
0,4907,2.5128707559366354,3.6499798689582414,0.07326411922186978
0,4908,2.899278403350505,4.043317989537458,0.08324461528332774
0,4909,0.32969044170847106,0.6122822488871607,0.013268858290013019
0,4910,0.363173500564698,0.6385207297510053,0.018249399633783213
0,4911,3.9490009051238935,5.176669580291942,0.09929141688243877
0,4912,0.3729301853603072,0.6951215699913212,0.012597502125103804
0,4913,0.3475448372728655,0.6851598220522206,0.007399142333419948
0,4914,1.1840545427920401,1.7861161747201963,0.056471563069364565
0,4915,2.854325645075442,3.8824967107746606,0.08939656589849847
0,4916,2.8175824017846054,4.043310339284123,0.07748756484925355
0,4917,2.16213589374053,3.18246968629224,0.06818193560507607
0,4918,2.599654104665394,3.5261265781365725,0.09298949372621901
0,4919,3.3233315338926777,4.362937808597566,0.10461829617803205
0,4920,3.1998692009260483,4.479816881296468,0.08677744762096005
0,4921,0.08332185158264227,0.14878902068328972,0.015499353373386983
0,4922,0.6216752418821745,1.0770424572735762,0.025433902433365
0,4923,4.231434152394901,5.431067546115105,0.1177459615840706
0,4924,4.164239187313033,5.680565413128104,0.09844435566353693
0,4925,0.30401638547605725,0.6080327709521146,0.0063275808848687436
0,4926,3.7519585808480604,4.848684935249799,0.10691182127782446
0,4927,0.36047318826684044,0.710497878323048,0.008538056895740312
0,4928,2.867985274952001,4.005827259036219,0.08432706476037044
0,4929,0.2625362601078128,0.42720397354821593,0.0394037050960304
0,4930,2.26296830916795,3.1463730501800384,0.08026992906852265
0,4931,0.9186127683685472,1.5367987194090162,0.03482215625654468
0,4932,0.15245968367816093,0.29633008940262257,0.004539749827168257
0,4933,1.5738755844037278,2.2608157566020393,0.06832885874120037
0,4934,0.47928512326865647,0.8047256390683613,0.028849719679459908
0,4935,2.584696397455739,3.4112744331903166,0.1058991236026328
0,4936,4.700090863817844,6.015142193590713,0.12075729962743025
0,4937,1.5677856936170227,2.401521438199486,0.05590178868091492
0,4938,1.2981262985674495,1.8465325958232168,0.08194615974474259
0,4939,4.821620563412485,6.132112306288699,0.12657916596557653
0,4940,0.44015774487742704,0.7997637455942789,0.015929373997814224
0,4941,0.23300728933377557,0.41189675662873876,0.01639299274709869
0,4942,0.4271540646773271,0.7710962985733567,0.015964048717748376
0,4943,3.545267847879885,4.696087777558169,0.10175647438708757
0,4944,0.38197061370116125,0.724427025984961,0.011221521723736024
0,4945,0.5587460278763994,0.9663846394088668,0.025846442397530138
0,4946,3.7691282936849735,4.946980885461527,0.1031803127432027
0,4947,0.19719245738342708,0.33572639896292333,0.02178505807655807
0,4948,2.122369401540741,2.9002011193828974,0.08571744919820778
0,4949,3.2174479613856435,4.529591543403252,0.08635735227238038
0,4950,4.164325117671775,5.257986259686582,0.12437521358978817
0,4951,1.6816486143556835,2.3868560977951625,0.07251168832060499
0,4952,1.8269677757890814,2.7561113874761007,0.06158746298749603
0,4953,1.970908330098893,2.9451641523636876,0.06320658471093726
0,4954,0.19382476752935562,0.33434772398813845,0.021736472386788275
0,4955,1.873490744002536,2.758194706448178,0.06503672829218253
0,4956,1.5472562473869231,2.3342998876762246,0.057969870975274396
0,4957,2.693073169443957,3.875033060477696,0.07672624533735403
0,4958,1.6089259663751578,2.3999063297327767,0.06178174492019867
0,4959,1.8368678471855904,2.5972916333860763,0.07832369415917678
0,4960,3.251896613410516,4.482343980646927,0.09028297484141351
0,4961,4.833265133702147,6.350087702257613,0.11580226148144711
0,4962,0.7776200903405047,1.2741726781482972,0.034694339304723903
0,4963,0.47492134905254424,0.7728010117718912,0.034035031781884065
0,4964,0.5453304970677496,0.9551967305326825,0.02319435341338788
0,4965,0.7520751520852393,1.2955101006887673,0.027247660975686146
0,4966,4.4122757943484565,5.605391187718193,0.10888413184831806
0,4967,0.2709536777328534,0.5419073554657065,0.0055924786844309795
0,4968,1.7630707352720882,2.6697928276977336,0.060021223500339504
0,4969,0.37842242304423096,0.5891349086029506,0.045913886633758866
0,4970,0.21579964916972774,0.4315992983394555,0.0044377526723550585
0,4971,0.7093722225803419,1.214117842493278,0.02750471918557785
0,4972,3.233006102684733,4.419588129733916,0.09169321660610642
0,4973,3.815857641106781,5.06103223978373,0.09777162107540227
0,4974,0.19105973434201995,0.377995877295363,0.004122269299666243
0,4975,0.23265078122418842,0.40638350746303037,0.01665122280701665
0,4976,5.000764098731507,6.474673517305004,0.12252118370187076
0,4977,1.4270060675552507,2.011471318628412,0.07953273012968332
0,4978,2.7163807346675615,3.8269452339239116,0.08045565278392104
0,4979,0.6050126014426662,1.0460863044299005,0.023881844350935454
0,4980,0.45358448559867276,0.8310641917344809,0.015742648791018235
0,4981,2.302683247470545,3.142203181444181,0.08770383037094791
0,4982,4.760972272453506,6.12479245466675,0.11997825507784272
0,4983,0.6033920237302538,0.9733288001839213,0.037494681475800484
0,4984,5.047601807225427,6.3030966729820035,0.12815589477154576
0,4985,0.5066033177562156,0.9207857599758238,0.017017276693279095
0,4986,3.593103375830922,4.822322951773079,0.09855048128420582
0,4987,1.0762412176222005,1.6327068471882242,0.05278193377374067
0,4988,0.24370086058919355,0.4497834675303908,0.011271298267427244
0,4989,1.5845596004153997,2.311180853644561,0.06701741724084138
0,4990,1.8742929298746926,2.604280702562731,0.07970636950181388
0,4991,0.21310497571366951,0.4015651583175949,0.007140787306775898
0,4992,3.5084727915569416,4.58800288126677,0.10909310488028469
0,4993,1.2110001003064421,1.8267628631741242,0.054907796768534925
0,4994,0.5440410863103838,0.952071901043172,0.022810710969274794
0,4995,2.506594439729218,3.4168839994203566,0.08685709436297621
0,4996,1.3827804662241308,2.043442244531215,0.061343421933020885
0,4997,2.769903884719256,3.9681207337270257,0.07857661316029275
0,4998,0.2351289694130953,0.42385090538939557,0.01432972576053327
0,4999,0.6126735645639838,0.9345867934026872,0.05803014907780786
